# Blender 4.5.2 LTS
# www.blender.org
mtllib station.mtl
o Untitled
v -1.757473 0.100496 -0.752198
v -1.757473 0.188990 -0.752198
v -1.757473 0.277484 -0.752198
v -1.668979 0.100496 -0.752198
v -1.580485 0.100496 -0.752198
v -1.668979 0.188990 -0.752198
v -1.668979 0.277484 -0.752198
v -1.580485 0.188990 -0.752198
v -1.580485 0.277484 -0.752198
v -1.757473 0.365978 -0.752198
v -1.757473 0.454472 -0.752198
v -1.757473 0.542965 -0.752198
v -1.757473 0.631459 -0.752198
v -1.668979 0.365978 -0.752198
v -1.668979 0.454472 -0.752198
v -1.580485 0.365978 -0.752198
v -1.580485 0.454472 -0.752198
v -1.668979 0.542965 -0.752198
v -1.668979 0.631459 -0.752198
v -1.580485 0.542965 -0.752198
v -1.580485 0.631459 -0.752198
v -1.491991 0.100496 -0.752198
v -1.403497 0.100496 -0.752198
v -1.491991 0.188990 -0.752198
v -1.491991 0.277484 -0.752198
v -1.403497 0.188990 -0.752198
v -1.403497 0.277484 -0.752198
v -1.315004 0.100496 -0.752198
v -1.226510 0.100496 -0.752198
v -1.315004 0.188990 -0.752198
v -1.315004 0.277484 -0.752198
v -1.226510 0.188990 -0.752198
v -1.226510 0.277484 -0.752198
v -1.491991 0.365978 -0.752198
v -1.491991 0.454472 -0.752198
v -1.403497 0.365978 -0.752198
v -1.403497 0.454472 -0.752198
v -1.491991 0.542965 -0.752198
v -1.491991 0.631459 -0.752198
v -1.403497 0.542965 -0.752198
v -1.403497 0.631459 -0.752198
v -1.315004 0.365978 -0.752198
v -1.315004 0.454472 -0.752198
v -1.226510 0.365978 -0.752198
v -1.226510 0.454472 -0.752198
v -1.315004 0.542965 -0.752198
v -1.315004 0.631459 -0.752198
v -1.226510 0.542965 -0.752198
v -1.226510 0.631459 -0.752198
v -1.757473 0.100496 -0.663704
v -1.757473 0.100496 -0.575210
v -1.757473 0.100496 -0.486716
v -1.757473 0.100496 -0.398222
v -1.757473 0.188990 -0.663704
v -1.757473 0.188990 -0.575210
v -1.757473 0.277484 -0.663704
v -1.757473 0.277484 -0.575210
v -1.757473 0.188990 -0.486716
v -1.757473 0.188990 -0.398222
v -1.757473 0.277484 -0.486716
v -1.757473 0.277484 -0.398222
v -1.668979 0.100496 -0.663704
v -1.668979 0.100496 -0.575210
v -1.580485 0.100496 -0.663704
v -1.580485 0.100496 -0.575210
v -1.668979 0.100496 -0.486716
v -1.668979 0.100496 -0.398222
v -1.580485 0.100496 -0.486716
v -1.580485 0.100496 -0.398222
v -1.757473 0.100496 -0.309729
v -1.757473 0.100496 -0.221235
v -1.757473 0.100496 -0.132741
v -1.757473 0.100496 -0.044247
v -1.757473 0.188990 -0.309729
v -1.757473 0.188990 -0.221235
v -1.757473 0.277484 -0.309729
v -1.757473 0.277484 -0.221235
v -1.757473 0.188990 -0.132741
v -1.757473 0.188990 -0.044247
v -1.757473 0.277484 -0.132741
v -1.757473 0.277484 -0.044247
v -1.668979 0.100496 -0.309729
v -1.668979 0.100496 -0.221235
v -1.580485 0.100496 -0.309729
v -1.580485 0.100496 -0.221235
v -1.668979 0.100496 -0.132741
v -1.668979 0.100496 -0.044247
v -1.580485 0.100496 -0.132741
v -1.580485 0.100496 -0.044247
v -1.757473 0.365978 -0.663704
v -1.757473 0.365978 -0.575210
v -1.757473 0.454472 -0.663704
v -1.757473 0.454472 -0.575210
v -1.757473 0.365978 -0.486716
v -1.757473 0.365978 -0.398222
v -1.757473 0.454472 -0.486716
v -1.757473 0.454472 -0.398222
v -1.757473 0.542965 -0.663704
v -1.757473 0.542965 -0.575210
v -1.757473 0.631459 -0.663704
v -1.757473 0.631459 -0.575210
v -1.757473 0.542965 -0.486716
v -1.757473 0.542965 -0.398222
v -1.757473 0.631459 -0.486716
v -1.757473 0.631459 -0.398223
v -1.757473 0.365978 -0.309729
v -1.757473 0.365978 -0.221235
v -1.757473 0.454472 -0.309729
v -1.757473 0.454472 -0.221235
v -1.757473 0.365978 -0.132741
v -1.757473 0.365978 -0.044247
v -1.757473 0.454472 -0.132741
v -1.757473 0.454472 -0.044247
v -1.757473 0.542965 -0.309729
v -1.757473 0.542965 -0.221235
v -1.757473 0.631459 -0.309729
v -1.757473 0.631459 -0.221235
v -1.757473 0.542965 -0.132741
v -1.757473 0.542965 -0.044247
v -1.757473 0.631459 -0.132741
v -1.757473 0.631459 -0.044247
v -1.491991 0.100496 -0.663704
v -1.491991 0.100496 -0.575210
v -1.403497 0.100496 -0.663704
v -1.403497 0.100496 -0.575210
v -1.491991 0.100496 -0.486716
v -1.491991 0.100496 -0.398222
v -1.403497 0.100496 -0.486716
v -1.403497 0.100496 -0.398222
v -1.315004 0.100496 -0.663704
v -1.315004 0.100496 -0.575210
v -1.226510 0.100496 -0.663704
v -1.226510 0.100496 -0.575210
v -1.315004 0.100496 -0.486716
v -1.315004 0.100496 -0.398222
v -1.226510 0.100496 -0.486716
v -1.226510 0.100496 -0.398222
v -1.491991 0.100496 -0.309729
v -1.491991 0.100496 -0.221235
v -1.403497 0.100496 -0.309729
v -1.403497 0.100496 -0.221235
v -1.491991 0.100496 -0.132741
v -1.491991 0.100496 -0.044247
v -1.403497 0.100496 -0.132741
v -1.403497 0.100496 -0.044247
v -1.315004 0.100496 -0.309729
v -1.315004 0.100496 -0.221235
v -1.226510 0.100496 -0.309729
v -1.226510 0.100496 -0.221235
v -1.315004 0.100496 -0.132741
v -1.315004 0.100496 -0.044247
v -1.226510 0.100496 -0.132741
v -1.226510 0.100496 -0.044247
v -1.138016 0.100496 -0.752198
v -1.049522 0.100496 -0.752198
v -1.138016 0.188990 -0.752198
v -1.138016 0.277484 -0.752198
v -1.049522 0.188990 -0.752198
v -1.049522 0.277484 -0.752198
v -0.961028 0.100496 -0.752198
v -0.872534 0.100496 -0.752198
v -0.961028 0.188990 -0.752198
v -0.961028 0.277484 -0.752198
v -0.872534 0.188990 -0.752198
v -0.872534 0.277484 -0.752198
v -1.138016 0.365978 -0.752198
v -1.138016 0.454472 -0.752198
v -1.049522 0.365978 -0.752198
v -1.049522 0.454472 -0.752198
v -1.138016 0.542965 -0.752198
v -1.138016 0.631459 -0.752198
v -1.049522 0.542965 -0.752198
v -1.049522 0.631459 -0.752198
v -0.961028 0.365978 -0.752198
v -0.961028 0.454472 -0.752198
v -0.872534 0.365978 -0.752198
v -0.872534 0.454472 -0.752198
v -0.961028 0.542965 -0.752198
v -0.961028 0.631459 -0.752198
v -0.872534 0.542965 -0.752198
v -0.872534 0.631459 -0.752198
v -0.784040 0.012002 -0.840692
v -0.784040 0.012002 -0.752198
v -0.784040 0.100496 -0.840692
v -0.784040 0.100496 -0.752198
v -0.695547 0.012002 -0.840692
v -0.695547 0.012002 -0.752198
v -0.695547 0.100496 -0.840692
v -0.695547 0.100496 -0.752198
v -0.784040 0.188990 -0.752198
v -0.784040 0.277484 -0.752198
v -0.695547 0.188990 -0.752198
v -0.695547 0.277484 -0.752198
v -0.607053 0.012002 -0.840692
v -0.607053 0.012002 -0.752198
v -0.607053 0.100496 -0.840692
v -0.607053 0.100496 -0.752198
v -0.518559 0.012002 -0.840692
v -0.518559 0.012002 -0.752198
v -0.518559 0.100496 -0.840692
v -0.518559 0.100496 -0.752198
v -0.607053 0.188990 -0.840692
v -0.607053 0.188990 -0.752198
v -0.518559 0.188990 -0.840692
v -0.518559 0.188990 -0.752198
v -0.784040 0.365978 -0.752198
v -0.784040 0.454472 -0.752198
v -0.695547 0.365978 -0.752198
v -0.695547 0.454472 -0.752198
v -1.138016 0.100496 -0.663704
v -1.138016 0.100496 -0.575210
v -1.049522 0.100496 -0.663704
v -1.049522 0.100496 -0.575210
v -1.138016 0.100496 -0.486716
v -1.138016 0.100496 -0.398222
v -1.049522 0.100496 -0.486716
v -1.049522 0.100496 -0.398222
v -0.961028 0.100496 -0.663704
v -0.961028 0.100496 -0.575210
v -0.872534 0.100496 -0.663704
v -0.872534 0.100496 -0.575210
v -0.961028 0.100496 -0.486716
v -0.961028 0.100496 -0.398222
v -0.872534 0.100496 -0.486716
v -0.872534 0.100496 -0.398222
v -1.138016 0.100496 -0.309729
v -1.138016 0.100496 -0.221235
v -1.049522 0.100496 -0.309729
v -1.049522 0.100496 -0.221235
v -1.138016 0.100496 -0.132741
v -1.138016 0.100496 -0.044247
v -1.049522 0.100496 -0.132741
v -1.049522 0.100496 -0.044247
v -0.961028 0.100496 -0.309729
v -0.961028 0.100496 -0.221235
v -0.872534 0.100496 -0.309729
v -0.872534 0.100496 -0.221235
v -0.961028 0.100496 -0.132741
v -0.961028 0.100496 -0.044247
v -0.872534 0.100496 -0.132741
v -0.872534 0.100496 -0.044247
v -0.872534 0.454472 -0.663704
v -0.872534 0.454472 -0.575210
v -0.872534 0.454472 -0.486716
v -0.872534 0.454472 -0.398222
v -0.872534 0.542965 -0.663704
v -0.872534 0.542965 -0.575210
v -0.872534 0.631459 -0.663704
v -0.872534 0.631459 -0.575210
v -0.872534 0.542965 -0.486716
v -0.872534 0.542965 -0.398222
v -0.872534 0.631459 -0.486716
v -0.872534 0.631459 -0.398223
v -1.138016 0.454472 -0.309729
v -1.138016 0.454472 -0.221235
v -1.049522 0.454472 -0.309729
v -1.049522 0.454472 -0.221235
v -1.138016 0.454472 -0.132741
v -1.138016 0.454472 -0.044247
v -1.049522 0.454472 -0.132741
v -1.049522 0.454472 -0.044247
v -1.138016 0.542965 -0.309729
v -1.138016 0.542965 -0.221235
v -1.138016 0.631459 -0.309729
v -1.138016 0.631459 -0.221235
v -1.049522 0.542965 -0.309729
v -1.049522 0.631459 -0.309729
v -1.138016 0.542965 -0.132741
v -1.138016 0.542965 -0.044247
v -1.138016 0.631459 -0.132741
v -1.138016 0.631459 -0.044247
v -0.961028 0.454472 -0.309729
v -0.961028 0.454472 -0.221235
v -0.872534 0.454472 -0.309729
v -0.872534 0.454472 -0.221235
v -0.961028 0.454472 -0.132741
v -0.961028 0.454472 -0.044247
v -0.872534 0.454472 -0.132741
v -0.872534 0.454472 -0.044247
v -0.961028 0.542965 -0.309729
v -0.961028 0.631459 -0.309729
v -0.872534 0.542965 -0.309729
v -0.872534 0.631459 -0.309729
v -0.784040 0.012002 -0.663704
v -0.784040 0.012002 -0.575210
v -0.784040 0.100496 -0.663704
v -0.784040 0.100496 -0.575210
v -0.695547 0.012002 -0.663704
v -0.695547 0.012002 -0.575210
v -0.695547 0.100496 -0.663704
v -0.695547 0.100496 -0.575210
v -0.784040 0.012002 -0.486716
v -0.784040 0.012002 -0.398222
v -0.784040 0.100496 -0.486716
v -0.784040 0.100496 -0.398222
v -0.695547 0.012002 -0.486716
v -0.695547 0.012002 -0.398222
v -0.695547 0.100496 -0.486716
v -0.695547 0.100496 -0.398222
v -0.695547 0.188990 -0.663704
v -0.695547 0.188990 -0.575210
v -0.695547 0.277484 -0.663704
v -0.695547 0.277484 -0.575210
v -0.695547 0.188990 -0.486716
v -0.695547 0.188990 -0.398222
v -0.695547 0.277484 -0.486716
v -0.695547 0.277484 -0.398222
v -0.607053 0.012002 -0.663704
v -0.607053 0.012002 -0.575210
v -0.607053 0.100496 -0.663704
v -0.607053 0.100496 -0.575210
v -0.518559 0.012002 -0.663704
v -0.518559 0.012002 -0.575210
v -0.518559 0.100496 -0.663704
v -0.518559 0.100496 -0.575210
v -0.607053 0.012002 -0.486716
v -0.607053 0.012002 -0.398222
v -0.607053 0.100496 -0.486716
v -0.607053 0.100496 -0.398222
v -0.518559 0.012002 -0.486716
v -0.518559 0.012002 -0.398222
v -0.518559 0.100496 -0.486716
v -0.518559 0.100496 -0.398222
v -0.607053 0.188990 -0.663704
v -0.607053 0.188990 -0.575210
v -0.518559 0.188990 -0.663704
v -0.518559 0.188990 -0.575210
v -0.607053 0.188990 -0.486716
v -0.607053 0.188990 -0.398222
v -0.518559 0.188990 -0.486716
v -0.518559 0.188990 -0.398222
v -0.784040 0.012002 -0.309729
v -0.784040 0.012002 -0.221235
v -0.784040 0.100496 -0.309729
v -0.784040 0.100496 -0.221235
v -0.695547 0.012002 -0.309729
v -0.695547 0.012002 -0.221235
v -0.695547 0.100496 -0.309729
v -0.695547 0.100496 -0.221235
v -0.784040 0.012002 -0.132741
v -0.784040 0.012002 -0.044247
v -0.784040 0.100496 -0.132741
v -0.784040 0.100496 -0.044247
v -0.695547 0.012002 -0.132741
v -0.695547 0.012002 -0.044247
v -0.695547 0.100496 -0.132741
v -0.695547 0.100496 -0.044247
v -0.695547 0.188990 -0.309729
v -0.695547 0.188990 -0.221235
v -0.695547 0.277484 -0.309729
v -0.695547 0.277484 -0.221235
v -0.695547 0.188990 -0.132741
v -0.695547 0.188990 -0.044247
v -0.695547 0.277484 -0.132741
v -0.695547 0.277484 -0.044247
v -0.607053 0.012002 -0.309729
v -0.607053 0.012002 -0.221235
v -0.607053 0.100496 -0.309729
v -0.607053 0.100496 -0.221235
v -0.518559 0.012002 -0.309729
v -0.518559 0.012002 -0.221235
v -0.518559 0.100496 -0.309729
v -0.518559 0.100496 -0.221235
v -0.607053 0.012002 -0.132741
v -0.607053 0.012002 -0.044247
v -0.607053 0.100496 -0.132741
v -0.607053 0.100496 -0.044247
v -0.518559 0.012002 -0.132741
v -0.518559 0.012002 -0.044247
v -0.518559 0.100496 -0.132741
v -0.518559 0.100496 -0.044247
v -0.607053 0.188990 -0.309729
v -0.607053 0.188990 -0.221235
v -0.518559 0.188990 -0.309729
v -0.518559 0.188990 -0.221235
v -0.607053 0.188990 -0.132741
v -0.607053 0.188990 -0.044247
v -0.518559 0.188990 -0.132741
v -0.518559 0.188990 -0.044247
v -0.784040 0.454472 -0.663704
v -0.784040 0.454472 -0.575210
v -0.695547 0.365978 -0.663704
v -0.695547 0.365978 -0.575210
v -0.695547 0.454472 -0.663704
v -0.695547 0.454472 -0.575210
v -0.784040 0.454472 -0.486716
v -0.784040 0.454472 -0.398222
v -0.695547 0.365978 -0.486716
v -0.695547 0.365978 -0.398222
v -0.695547 0.454472 -0.486716
v -0.695547 0.454472 -0.398222
v -0.784040 0.454472 -0.309729
v -0.784040 0.454472 -0.221235
v -0.695547 0.365978 -0.309729
v -0.695547 0.365978 -0.221235
v -0.695547 0.454472 -0.309729
v -0.695547 0.454472 -0.221235
v -0.784040 0.454472 -0.132741
v -0.784040 0.454472 -0.044247
v -0.695547 0.365978 -0.132741
v -0.695547 0.365978 -0.044247
v -0.695547 0.454472 -0.132741
v -0.695547 0.454472 -0.044247
v -1.757473 0.100496 0.044247
v -1.757473 0.100496 0.132741
v -1.757473 0.100496 0.221235
v -1.757473 0.100496 0.309729
v -1.757473 0.188990 0.044247
v -1.757473 0.188990 0.132741
v -1.757473 0.277484 0.044247
v -1.757473 0.277484 0.132741
v -1.757473 0.188990 0.221235
v -1.757473 0.188990 0.309729
v -1.757473 0.277484 0.221235
v -1.757473 0.277484 0.309729
v -1.668979 0.100496 0.044247
v -1.668979 0.100496 0.132741
v -1.580485 0.100496 0.044247
v -1.580485 0.100496 0.132741
v -1.668979 0.100496 0.221235
v -1.668979 0.100496 0.309729
v -1.580485 0.100496 0.221235
v -1.580485 0.100496 0.309729
v -1.757473 0.100496 0.398222
v -1.757473 0.100496 0.486716
v -1.757473 0.100496 0.575210
v -1.757473 0.100496 0.663704
v -1.757473 0.188990 0.398222
v -1.757473 0.188990 0.486716
v -1.757473 0.277484 0.398222
v -1.757473 0.277484 0.486716
v -1.757473 0.188990 0.575210
v -1.757473 0.188990 0.663704
v -1.757473 0.277484 0.575210
v -1.757473 0.277484 0.663704
v -1.668979 0.100496 0.398222
v -1.668979 0.100496 0.486716
v -1.580485 0.100496 0.398222
v -1.580485 0.100496 0.486716
v -1.668979 0.100496 0.575210
v -1.668979 0.100496 0.663704
v -1.580485 0.100496 0.575210
v -1.580485 0.100496 0.663704
v -1.668979 0.188990 0.663704
v -1.668979 0.277484 0.663704
v -1.580485 0.188990 0.663704
v -1.580485 0.277484 0.663704
v -1.757473 0.365978 0.044247
v -1.757473 0.365978 0.132741
v -1.757473 0.454472 0.044247
v -1.757473 0.454472 0.132741
v -1.757473 0.365978 0.221235
v -1.757473 0.365978 0.309729
v -1.757473 0.454472 0.221235
v -1.757473 0.454472 0.309729
v -1.757473 0.542965 0.044247
v -1.757473 0.542965 0.132741
v -1.757473 0.631459 0.044247
v -1.757473 0.631459 0.132741
v -1.757473 0.542965 0.221235
v -1.757473 0.542965 0.309729
v -1.757473 0.631459 0.221235
v -1.757473 0.631459 0.309729
v -1.757473 0.365978 0.398222
v -1.757473 0.365978 0.486716
v -1.757473 0.454472 0.398222
v -1.757473 0.454472 0.486716
v -1.757473 0.365978 0.575210
v -1.757473 0.365978 0.663704
v -1.757473 0.454472 0.575210
v -1.757473 0.454472 0.663704
v -1.757473 0.542965 0.398222
v -1.757473 0.542965 0.486716
v -1.757473 0.631459 0.398222
v -1.757473 0.631459 0.486716
v -1.757473 0.542965 0.575210
v -1.757473 0.542965 0.663704
v -1.757473 0.631459 0.575210
v -1.757473 0.631459 0.663704
v -1.668979 0.365978 0.663704
v -1.668979 0.454472 0.663704
v -1.580485 0.365978 0.663704
v -1.580485 0.454472 0.663704
v -1.668979 0.542965 0.663704
v -1.668979 0.631459 0.663704
v -1.580485 0.542965 0.663704
v -1.580485 0.631459 0.663704
v -1.491991 0.100496 0.044247
v -1.491991 0.100496 0.132741
v -1.403497 0.100496 0.044247
v -1.403497 0.100496 0.132741
v -1.491991 0.100496 0.221235
v -1.491991 0.100496 0.309729
v -1.403497 0.100496 0.221235
v -1.403497 0.100496 0.309729
v -1.315004 0.100496 0.044247
v -1.315004 0.100496 0.132741
v -1.226510 0.100496 0.044247
v -1.226510 0.100496 0.132741
v -1.315004 0.100496 0.221235
v -1.315004 0.100496 0.309729
v -1.226510 0.100496 0.221235
v -1.226510 0.100496 0.309729
v -1.491991 0.100496 0.398222
v -1.491991 0.100496 0.486716
v -1.403497 0.100496 0.398222
v -1.403497 0.100496 0.486716
v -1.491991 0.100496 0.575210
v -1.491991 0.100496 0.663704
v -1.403497 0.100496 0.575210
v -1.403497 0.100496 0.663704
v -1.491991 0.188990 0.663704
v -1.491991 0.277484 0.663704
v -1.403497 0.188990 0.663704
v -1.403497 0.277484 0.663704
v -1.315004 0.100496 0.398222
v -1.315004 0.100496 0.486716
v -1.226510 0.100496 0.398222
v -1.226510 0.100496 0.486716
v -1.315004 0.100496 0.575210
v -1.315004 0.100496 0.663704
v -1.226510 0.100496 0.575210
v -1.226510 0.100496 0.663704
v -1.315004 0.188990 0.663704
v -1.315004 0.277484 0.663704
v -1.226510 0.188990 0.663704
v -1.226510 0.277484 0.663704
v -1.491991 0.365978 0.663704
v -1.491991 0.454472 0.663704
v -1.403497 0.365978 0.663704
v -1.403497 0.454472 0.663704
v -1.491991 0.542965 0.663704
v -1.491991 0.631459 0.663704
v -1.403497 0.542965 0.663704
v -1.403497 0.631459 0.663704
v -1.315004 0.365978 0.663704
v -1.315004 0.454472 0.663704
v -1.226510 0.365978 0.663704
v -1.226510 0.454472 0.663704
v -1.315004 0.542965 0.663704
v -1.315004 0.631459 0.663704
v -1.226510 0.542965 0.663704
v -1.226510 0.631459 0.663704
v -1.138016 0.100496 0.044247
v -1.138016 0.100496 0.132741
v -1.049522 0.100496 0.044247
v -1.049522 0.100496 0.132741
v -1.138016 0.100496 0.221235
v -1.138016 0.100496 0.309729
v -1.049522 0.100496 0.221235
v -1.049522 0.100496 0.309729
v -0.961028 0.100496 0.044247
v -0.961028 0.100496 0.132741
v -0.872534 0.100496 0.044247
v -0.872534 0.100496 0.132741
v -0.961028 0.100496 0.221235
v -0.961028 0.100496 0.309729
v -0.872534 0.100496 0.221235
v -0.872534 0.100496 0.309729
v -1.138016 0.100496 0.398222
v -1.138016 0.100496 0.486716
v -1.049522 0.100496 0.398222
v -1.049522 0.100496 0.486716
v -1.138016 0.100496 0.575210
v -1.138016 0.100496 0.663704
v -1.049522 0.100496 0.575210
v -1.049522 0.100496 0.663704
v -1.138016 0.188990 0.663704
v -1.138016 0.277484 0.663704
v -1.049522 0.188990 0.663704
v -1.049522 0.277484 0.663704
v -0.961028 0.100496 0.398222
v -0.961028 0.100496 0.486716
v -0.872534 0.100496 0.398222
v -0.872534 0.100496 0.486716
v -0.961028 0.100496 0.575210
v -0.961028 0.100496 0.663704
v -0.872534 0.100496 0.575210
v -0.872534 0.100496 0.663704
v -0.961028 0.188990 0.663704
v -0.961028 0.277484 0.663704
v -0.872534 0.188990 0.663704
v -0.872534 0.277484 0.663704
v -1.138016 0.454472 0.044247
v -1.138016 0.454472 0.132741
v -1.049522 0.454472 0.044247
v -1.049522 0.454472 0.132741
v -1.138016 0.454472 0.221235
v -1.138016 0.454472 0.309729
v -1.049522 0.454472 0.221235
v -1.049522 0.454472 0.309729
v -1.138016 0.542965 0.044247
v -1.138016 0.542965 0.132741
v -1.138016 0.631459 0.044247
v -1.138016 0.631459 0.132741
v -1.138016 0.542965 0.221235
v -1.138016 0.542965 0.309729
v -1.138016 0.631459 0.221235
v -1.138016 0.631459 0.309729
v -0.961028 0.454472 0.044247
v -0.961028 0.454472 0.132741
v -0.872534 0.454472 0.044247
v -0.872534 0.454472 0.132741
v -0.961028 0.454472 0.221235
v -0.961028 0.454472 0.309729
v -0.872534 0.454472 0.221235
v -0.872534 0.454472 0.309729
v -1.138016 0.454472 0.398222
v -1.138016 0.454472 0.486716
v -1.049522 0.454472 0.398222
v -1.049522 0.454472 0.486716
v -1.138016 0.365978 0.663704
v -1.138016 0.454472 0.575210
v -1.138016 0.454472 0.663704
v -1.049522 0.365978 0.663704
v -1.049522 0.454472 0.575210
v -1.049522 0.454472 0.663704
v -1.138016 0.542965 0.398222
v -1.138016 0.542965 0.486716
v -1.138016 0.631459 0.398222
v -1.138016 0.631459 0.486716
v -1.138016 0.542965 0.575210
v -1.138016 0.542965 0.663704
v -1.138016 0.631459 0.575210
v -1.138016 0.631459 0.663704
v -0.961028 0.454472 0.398222
v -0.961028 0.454472 0.486716
v -0.872534 0.454472 0.398222
v -0.872534 0.454472 0.486716
v -0.961028 0.365978 0.663704
v -0.961028 0.454472 0.575210
v -0.961028 0.454472 0.663704
v -0.872534 0.365978 0.663704
v -0.872534 0.454472 0.575210
v -0.872534 0.454472 0.663704
v -0.784040 0.012002 0.044247
v -0.784040 0.012002 0.132741
v -0.784040 0.100496 0.044247
v -0.784040 0.100496 0.132741
v -0.695547 0.012002 0.044247
v -0.695547 0.012002 0.132741
v -0.695547 0.100496 0.044247
v -0.695547 0.100496 0.132741
v -0.784040 0.012002 0.221235
v -0.784040 0.012002 0.309729
v -0.784040 0.100496 0.221235
v -0.784040 0.100496 0.309729
v -0.695547 0.012002 0.221235
v -0.695547 0.012002 0.309729
v -0.695547 0.100496 0.221235
v -0.695547 0.100496 0.309729
v -0.695547 0.188990 0.044247
v -0.695547 0.188990 0.132741
v -0.695547 0.277484 0.044247
v -0.695547 0.277484 0.132741
v -0.695547 0.188990 0.221235
v -0.695547 0.188990 0.309729
v -0.695547 0.277484 0.221235
v -0.695547 0.277484 0.309729
v -0.607053 0.012002 0.044247
v -0.607053 0.012002 0.132741
v -0.607053 0.100496 0.044247
v -0.607053 0.100496 0.132741
v -0.518559 0.012002 0.044247
v -0.518559 0.012002 0.132741
v -0.518559 0.100496 0.044247
v -0.518559 0.100496 0.132741
v -0.607053 0.012002 0.221235
v -0.607053 0.012002 0.309729
v -0.607053 0.100496 0.221235
v -0.607053 0.100496 0.309729
v -0.518559 0.012002 0.221235
v -0.518559 0.012002 0.309729
v -0.518559 0.100496 0.221235
v -0.518559 0.100496 0.309729
v -0.607053 0.188990 0.044247
v -0.607053 0.188990 0.132741
v -0.518559 0.188990 0.044247
v -0.518559 0.188990 0.132741
v -0.607053 0.188990 0.221235
v -0.607053 0.188990 0.309729
v -0.518559 0.188990 0.221235
v -0.518559 0.188990 0.309729
v -0.784040 0.012002 0.398222
v -0.784040 0.012002 0.486716
v -0.784040 0.100496 0.398222
v -0.784040 0.100496 0.486716
v -0.695547 0.012002 0.398222
v -0.695547 0.012002 0.486716
v -0.695547 0.100496 0.398222
v -0.695547 0.100496 0.486716
v -0.784040 0.012002 0.575210
v -0.784040 0.012002 0.663704
v -0.784040 0.100496 0.575210
v -0.784040 0.100496 0.663704
v -0.695547 0.012002 0.575210
v -0.695547 0.012002 0.663704
v -0.695547 0.100496 0.575210
v -0.695547 0.100496 0.663704
v -0.695547 0.188990 0.398222
v -0.695547 0.188990 0.486716
v -0.695547 0.277484 0.398222
v -0.695547 0.277484 0.486716
v -0.784040 0.188990 0.663704
v -0.784040 0.277484 0.663704
v -0.695547 0.188990 0.575210
v -0.695547 0.188990 0.663704
v -0.695547 0.277484 0.575210
v -0.695547 0.277484 0.663704
v -0.607053 0.012002 0.398222
v -0.607053 0.012002 0.486716
v -0.607053 0.100496 0.398222
v -0.607053 0.100496 0.486716
v -0.518559 0.012002 0.398222
v -0.518559 0.012002 0.486716
v -0.518559 0.100496 0.398222
v -0.518559 0.100496 0.486716
v -0.607053 0.012002 0.575210
v -0.607053 0.012002 0.663704
v -0.607053 0.100496 0.575210
v -0.607053 0.100496 0.663704
v -0.518559 0.012002 0.575210
v -0.518559 0.012002 0.663704
v -0.518559 0.100496 0.575210
v -0.518559 0.100496 0.663704
v -0.607053 0.188990 0.398222
v -0.607053 0.188990 0.486716
v -0.518559 0.188990 0.398222
v -0.518559 0.188990 0.486716
v -0.607053 0.188990 0.575210
v -0.607053 0.188990 0.663704
v -0.518559 0.188990 0.575210
v -0.518559 0.188990 0.663704
v -0.784040 0.454472 0.044247
v -0.784040 0.454472 0.132741
v -0.695547 0.365978 0.044247
v -0.695547 0.365978 0.132741
v -0.695547 0.454472 0.044247
v -0.695547 0.454472 0.132741
v -0.784040 0.454472 0.221235
v -0.784040 0.454472 0.309729
v -0.695547 0.365978 0.221235
v -0.695547 0.365978 0.309729
v -0.695547 0.454472 0.221235
v -0.695547 0.454472 0.309729
v -0.784040 0.454472 0.398222
v -0.784040 0.454472 0.486716
v -0.695547 0.365978 0.398222
v -0.695547 0.365978 0.486716
v -0.695547 0.454472 0.398222
v -0.695547 0.454472 0.486716
v -0.784040 0.365978 0.663704
v -0.784040 0.454472 0.575210
v -0.784040 0.454472 0.663704
v -0.695547 0.365978 0.575210
v -0.695547 0.365978 0.663704
v -0.695547 0.454472 0.575210
v -0.695547 0.454472 0.663704
v -0.607053 0.100496 0.752198
v -0.607053 0.100496 0.840692
v -0.518559 0.100496 0.752198
v -0.518559 0.100496 0.840692
v -0.607053 0.188990 0.752198
v -0.607053 0.188990 0.840692
v -0.518559 0.188990 0.752198
v -0.518559 0.188990 0.840692
v -1.757473 0.719953 -0.752198
v -1.757473 0.808447 -0.752198
v -1.668979 0.719953 -0.752198
v -1.668979 0.808447 -0.752198
v -1.580485 0.719953 -0.752198
v -1.580485 0.808447 -0.752198
v -1.580485 0.896941 -0.752198
v -1.491991 0.719953 -0.752198
v -1.491991 0.808447 -0.752198
v -1.403497 0.719953 -0.752198
v -1.403497 0.808447 -0.752198
v -1.491991 0.896941 -0.752198
v -1.491991 0.985435 -0.752198
v -1.403497 0.896941 -0.752198
v -1.403497 0.985435 -0.752198
v -1.315004 0.719953 -0.752198
v -1.315004 0.808447 -0.752198
v -1.226510 0.719953 -0.752198
v -1.226510 0.808447 -0.752198
v -1.315004 0.896941 -0.752198
v -1.315004 0.985435 -0.752198
v -1.226510 0.896941 -0.752198
v -1.226510 0.985435 -0.752198
v -1.315004 1.073929 -0.752198
v -1.226510 1.073929 -0.752198
v -1.757473 0.719953 -0.663704
v -1.757473 0.719953 -0.575210
v -1.757473 0.808447 -0.663704
v -1.757473 0.808447 -0.575210
v -1.757473 0.719953 -0.486716
v -1.757473 0.719953 -0.398223
v -1.757473 0.808447 -0.486716
v -1.757473 0.808447 -0.398223
v -1.668979 0.808447 -0.663704
v -1.668979 0.808447 -0.575210
v -1.580485 0.808447 -0.663704
v -1.580485 0.808447 -0.575210
v -1.668979 0.808447 -0.486716
v -1.668979 0.808447 -0.398223
v -1.580485 0.808447 -0.486716
v -1.580485 0.808447 -0.398223
v -1.580485 0.896941 -0.663704
v -1.580485 0.896941 -0.575210
v -1.580485 0.896941 -0.486716
v -1.580485 0.896941 -0.398223
v -1.757473 0.719953 -0.309729
v -1.757473 0.719953 -0.221235
v -1.757473 0.808447 -0.309729
v -1.757473 0.808447 -0.221235
v -1.757473 0.719953 -0.132741
v -1.757473 0.719953 -0.044247
v -1.757473 0.808447 -0.132741
v -1.757473 0.808447 -0.044247
v -1.668979 0.808447 -0.309729
v -1.668979 0.808447 -0.221235
v -1.580485 0.808447 -0.309729
v -1.580485 0.808447 -0.221235
v -1.668979 0.808447 -0.132741
v -1.668979 0.808447 -0.044247
v -1.580485 0.808447 -0.132741
v -1.580485 0.808447 -0.044247
v -1.580485 0.896941 -0.309729
v -1.580485 0.896941 -0.221235
v -1.580485 0.896941 -0.132741
v -1.580485 0.896941 -0.044247
v -1.491991 0.896941 -0.663704
v -1.491991 0.896941 -0.575210
v -1.491991 0.985435 -0.663704
v -1.491991 0.985435 -0.575210
v -1.403497 0.985435 -0.663704
v -1.403497 0.985435 -0.575210
v -1.491991 0.896941 -0.486716
v -1.491991 0.896941 -0.398223
v -1.491991 0.985435 -0.486716
v -1.491991 0.985435 -0.398223
v -1.403497 0.985435 -0.486716
v -1.403497 0.985435 -0.398223
v -1.315004 0.985435 -0.663704
v -1.315004 0.985435 -0.575210
v -1.226510 0.896941 -0.663704
v -1.226510 0.896941 -0.575210
v -1.226510 0.985435 -0.663704
v -1.226510 0.985435 -0.575210
v -1.315004 0.985435 -0.486716
v -1.315004 0.985435 -0.398223
v -1.226510 0.896941 -0.486716
v -1.226510 0.896941 -0.398223
v -1.226510 0.985435 -0.486716
v -1.226510 0.985435 -0.398223
v -1.491991 0.896941 -0.309729
v -1.491991 0.896941 -0.221235
v -1.491991 0.985435 -0.309729
v -1.491991 0.985435 -0.221235
v -1.403497 0.985435 -0.309729
v -1.403497 0.985435 -0.221235
v -1.491991 0.896941 -0.132741
v -1.491991 0.896941 -0.044247
v -1.491991 0.985435 -0.132741
v -1.491991 0.985435 -0.044247
v -1.403497 0.985435 -0.132741
v -1.403497 0.985435 -0.044247
v -1.315004 0.985435 -0.309729
v -1.315004 0.985435 -0.221235
v -1.226510 0.896941 -0.309729
v -1.226510 0.985435 -0.309729
v -1.226510 0.985435 -0.221235
v -1.315004 0.985435 -0.132741
v -1.315004 0.985435 -0.044247
v -1.226510 0.985435 -0.132741
v -1.226510 0.985435 -0.044247
v -1.315004 1.073929 -0.663704
v -1.315004 1.073929 -0.575210
v -1.226510 1.073929 -0.663704
v -1.226510 1.073929 -0.575210
v -1.315004 1.073929 -0.486716
v -1.315004 1.073929 -0.398223
v -1.226510 1.073929 -0.486716
v -1.226510 1.073929 -0.398223
v -1.315004 1.073929 -0.309729
v -1.315004 1.073929 -0.221235
v -1.226510 1.073929 -0.309729
v -1.226510 1.073929 -0.221235
v -1.315004 1.073929 -0.132741
v -1.315004 1.073929 -0.044247
v -1.226510 1.073929 -0.132741
v -1.226510 1.073929 -0.044247
v -1.138016 0.719953 -0.752198
v -1.138016 0.808447 -0.752198
v -1.049522 0.719953 -0.752198
v -1.049522 0.808447 -0.752198
v -1.138016 0.896941 -0.752198
v -1.138016 0.985435 -0.752198
v -1.049522 0.896941 -0.752198
v -1.049522 0.985435 -0.752198
v -0.961028 0.719953 -0.752198
v -0.961028 0.808447 -0.752198
v -0.872534 0.719953 -0.752198
v -0.872534 0.808447 -0.752198
v -0.961028 0.896941 -0.752198
v -0.961028 0.985435 -0.752198
v -0.872534 0.896941 -0.752198
v -0.872534 0.985435 -0.752198
v -1.138016 1.073929 -0.752198
v -1.138016 1.162423 -0.752198
v -1.049522 1.073929 -0.752198
v -1.049522 1.162423 -0.752198
v -1.138016 1.250916 -0.752198
v -1.138016 1.339410 -0.752198
v -1.049522 1.250916 -0.752198
v -1.049522 1.339410 -0.752198
v -0.961028 1.073929 -0.752198
v -0.961028 1.162423 -0.752198
v -0.872534 1.073929 -0.752198
v -0.872534 1.162423 -0.752198
v -0.961028 1.250916 -0.752198
v -0.961028 1.339410 -0.752198
v -0.872534 1.250916 -0.752198
v -0.872534 1.339410 -0.752198
v -1.138016 0.896941 -0.663704
v -1.138016 0.896941 -0.575210
v -1.138016 0.985435 -0.663704
v -1.138016 0.985435 -0.575210
v -1.138016 0.896941 -0.486716
v -1.138016 0.896941 -0.398223
v -1.138016 0.985435 -0.486716
v -1.138016 0.985435 -0.398223
v -0.872534 0.719953 -0.663704
v -0.872534 0.719953 -0.575210
v -0.872534 0.808447 -0.663704
v -0.872534 0.808447 -0.575210
v -0.872534 0.719953 -0.486716
v -0.872534 0.719953 -0.398223
v -0.872534 0.808447 -0.486716
v -0.872534 0.808447 -0.398223
v -0.872534 0.896941 -0.663704
v -0.872534 0.896941 -0.575210
v -0.872534 0.985435 -0.663704
v -0.872534 0.985435 -0.575210
v -0.872534 0.896941 -0.486716
v -0.872534 0.896941 -0.398223
v -0.872534 0.985435 -0.486716
v -0.872534 0.985435 -0.398223
v -1.138016 0.719953 -0.309729
v -1.138016 0.719953 -0.221235
v -1.138016 0.808447 -0.309729
v -1.138016 0.808447 -0.221235
v -1.049522 0.719953 -0.309729
v -1.049522 0.719953 -0.221235
v -1.049522 0.808447 -0.309729
v -1.049522 0.808447 -0.221235
v -1.138016 0.719953 -0.132741
v -1.138016 0.719953 -0.044247
v -1.138016 0.808447 -0.132741
v -1.138016 0.808447 -0.044247
v -1.049522 0.719953 -0.132741
v -1.049522 0.719953 -0.044247
v -1.049522 0.808447 -0.132741
v -1.049522 0.808447 -0.044247
v -1.138016 0.896941 -0.309729
v -1.138016 0.985435 -0.309729
v -1.138016 0.985435 -0.221235
v -1.049522 0.896941 -0.309729
v -1.049522 0.896941 -0.221235
v -1.049522 0.985435 -0.309729
v -1.049522 0.985435 -0.221235
v -1.138016 0.985435 -0.132741
v -1.138016 0.985435 -0.044247
v -1.049522 0.896941 -0.132741
v -1.049522 0.896941 -0.044247
v -1.049522 0.985435 -0.132741
v -1.049522 0.985435 -0.044247
v -0.961028 0.719953 -0.309729
v -0.961028 0.719953 -0.221235
v -0.872534 0.719953 -0.309729
v -0.872534 0.719953 -0.221235
v -0.872534 0.808447 -0.309729
v -0.872534 0.808447 -0.221235
v -0.961028 0.719953 -0.132741
v -0.961028 0.719953 -0.044247
v -0.872534 0.719953 -0.132741
v -0.872534 0.719953 -0.044247
v -0.872534 0.808447 -0.132741
v -0.872534 0.808447 -0.044247
v -0.961028 0.896941 -0.309729
v -0.961028 0.896941 -0.221235
v -0.961028 0.985435 -0.309729
v -0.872534 0.896941 -0.309729
v -0.872534 0.896941 -0.221235
v -0.872534 0.985435 -0.309729
v -0.961028 0.896941 -0.132741
v -0.961028 0.896941 -0.044247
v -0.872534 0.896941 -0.132741
v -0.872534 0.896941 -0.044247
v -1.138016 1.073929 -0.663704
v -1.138016 1.073929 -0.575210
v -1.138016 1.162423 -0.663704
v -1.138016 1.162423 -0.575210
v -1.138016 1.073929 -0.486716
v -1.138016 1.073929 -0.398223
v -1.138016 1.162423 -0.486716
v -1.138016 1.162423 -0.398223
v -1.138016 1.250916 -0.663704
v -1.138016 1.250916 -0.575210
v -1.138016 1.339410 -0.663704
v -1.138016 1.339410 -0.575210
v -1.049522 1.339410 -0.663704
v -1.049522 1.339410 -0.575210
v -1.138016 1.250916 -0.486716
v -1.138016 1.250916 -0.398223
v -1.138016 1.339410 -0.486716
v -1.138016 1.339410 -0.398223
v -1.049522 1.339410 -0.486716
v -1.049522 1.339410 -0.398223
v -0.872534 1.073929 -0.663704
v -0.872534 1.073929 -0.575210
v -0.872534 1.162423 -0.663704
v -0.872534 1.162423 -0.575210
v -0.872534 1.073929 -0.486716
v -0.872534 1.073929 -0.398223
v -0.872534 1.162423 -0.486716
v -0.872534 1.162423 -0.398223
v -0.961028 1.339410 -0.663704
v -0.961028 1.339410 -0.575210
v -0.872534 1.250916 -0.663704
v -0.872534 1.250916 -0.575210
v -0.872534 1.339410 -0.663704
v -0.872534 1.339410 -0.575210
v -0.961028 1.339410 -0.486716
v -0.961028 1.339410 -0.398223
v -0.872534 1.250916 -0.486716
v -0.872534 1.250916 -0.398223
v -0.872534 1.339410 -0.486716
v -0.872534 1.339410 -0.398223
v -1.138016 1.073929 -0.309729
v -1.138016 1.162423 -0.309729
v -1.049522 1.073929 -0.309729
v -1.049522 1.162423 -0.309729
v -1.138016 1.250916 -0.309729
v -1.138016 1.339410 -0.309729
v -1.049522 1.250916 -0.309729
v -1.049522 1.339410 -0.309729
v -0.961028 1.073929 -0.309729
v -0.961028 1.162423 -0.309729
v -0.872534 1.073929 -0.309729
v -0.872534 1.162423 -0.309729
v -0.961028 1.250916 -0.309729
v -0.961028 1.339410 -0.309729
v -0.872534 1.250916 -0.309729
v -0.872534 1.339410 -0.309729
v -0.784040 0.719953 -0.309729
v -0.784040 0.719953 -0.221235
v -0.784040 0.808447 -0.309729
v -0.784040 0.808447 -0.221235
v -0.784040 0.719953 -0.132741
v -0.784040 0.719953 -0.044247
v -0.784040 0.808447 -0.132741
v -0.784040 0.808447 -0.044247
v -1.757473 0.719953 0.044247
v -1.757473 0.719953 0.132741
v -1.757473 0.808447 0.044247
v -1.757473 0.808447 0.132741
v -1.757473 0.719953 0.221235
v -1.757473 0.719953 0.309729
v -1.757473 0.808447 0.221235
v -1.757473 0.808447 0.309729
v -1.668979 0.808447 0.044247
v -1.668979 0.808447 0.132741
v -1.580485 0.808447 0.044247
v -1.580485 0.808447 0.132741
v -1.668979 0.808447 0.221235
v -1.668979 0.808447 0.309729
v -1.580485 0.808447 0.221235
v -1.580485 0.808447 0.309729
v -1.580485 0.896941 0.044247
v -1.580485 0.896941 0.132741
v -1.580485 0.896941 0.221235
v -1.580485 0.896941 0.309729
v -1.757473 0.719953 0.398222
v -1.757473 0.719953 0.486716
v -1.757473 0.808447 0.398222
v -1.757473 0.808447 0.486716
v -1.757473 0.719953 0.575210
v -1.757473 0.719953 0.663704
v -1.757473 0.808447 0.575210
v -1.757473 0.808447 0.663704
v -1.668979 0.808447 0.398222
v -1.668979 0.808447 0.486716
v -1.580485 0.808447 0.398222
v -1.580485 0.808447 0.486716
v -1.668979 0.719953 0.663704
v -1.668979 0.808447 0.575210
v -1.668979 0.808447 0.663704
v -1.580485 0.719953 0.663704
v -1.580485 0.808447 0.575210
v -1.580485 0.808447 0.663704
v -1.580485 0.896941 0.398222
v -1.580485 0.896941 0.486716
v -1.580485 0.896941 0.575210
v -1.580485 0.896941 0.663704
v -1.491991 0.896941 0.044247
v -1.491991 0.896941 0.132741
v -1.491991 0.985435 0.044247
v -1.491991 0.985435 0.132741
v -1.403497 0.985435 0.044247
v -1.403497 0.985435 0.132741
v -1.491991 0.896941 0.221235
v -1.491991 0.896941 0.309729
v -1.491991 0.985435 0.221235
v -1.491991 0.985435 0.309729
v -1.403497 0.985435 0.221235
v -1.403497 0.985435 0.309729
v -1.315004 0.985435 0.044247
v -1.315004 0.985435 0.132741
v -1.226510 0.985435 0.044247
v -1.226510 0.985435 0.132741
v -1.315004 0.985435 0.221235
v -1.315004 0.985435 0.309729
v -1.226510 0.985435 0.221235
v -1.226510 0.985435 0.309729
v -1.491991 0.719953 0.663704
v -1.491991 0.808447 0.663704
v -1.403497 0.719953 0.663704
v -1.403497 0.808447 0.663704
v -1.491991 0.896941 0.398222
v -1.491991 0.896941 0.486716
v -1.491991 0.985435 0.398222
v -1.491991 0.985435 0.486716
v -1.403497 0.985435 0.398222
v -1.403497 0.985435 0.486716
v -1.491991 0.896941 0.575210
v -1.491991 0.896941 0.663704
v -1.491991 0.985435 0.575210
v -1.491991 0.985435 0.663704
v -1.403497 0.896941 0.663704
v -1.403497 0.985435 0.575210
v -1.403497 0.985435 0.663704
v -1.315004 0.719953 0.663704
v -1.315004 0.808447 0.663704
v -1.226510 0.719953 0.663704
v -1.226510 0.808447 0.663704
v -1.315004 0.985435 0.398222
v -1.315004 0.985435 0.486716
v -1.226510 0.985435 0.398222
v -1.226510 0.985435 0.486716
v -1.315004 0.896941 0.663704
v -1.315004 0.985435 0.575210
v -1.315004 0.985435 0.663704
v -1.226510 0.896941 0.663704
v -1.226510 0.985435 0.575210
v -1.226510 0.985435 0.663704
v -1.315004 1.073929 0.044247
v -1.315004 1.073929 0.132741
v -1.226510 1.073929 0.044247
v -1.226510 1.073929 0.132741
v -1.315004 1.073929 0.221235
v -1.315004 1.073929 0.309729
v -1.226510 1.073929 0.221235
v -1.226510 1.073929 0.309729
v -1.315004 1.073929 0.398222
v -1.315004 1.073929 0.486716
v -1.226510 1.073929 0.398222
v -1.226510 1.073929 0.486716
v -1.315004 1.073929 0.575210
v -1.315004 1.073929 0.663704
v -1.226510 1.073929 0.575210
v -1.226510 1.073929 0.663704
v -1.138016 0.719953 0.044247
v -1.138016 0.719953 0.132741
v -1.138016 0.808447 0.044247
v -1.138016 0.808447 0.132741
v -1.049522 0.719953 0.044247
v -1.049522 0.719953 0.132741
v -1.049522 0.808447 0.044247
v -1.049522 0.808447 0.132741
v -1.138016 0.719953 0.221235
v -1.138016 0.719953 0.309729
v -1.138016 0.808447 0.221235
v -1.138016 0.808447 0.309729
v -1.049522 0.719953 0.221235
v -1.049522 0.719953 0.309729
v -1.049522 0.808447 0.221235
v -1.049522 0.808447 0.309729
v -1.138016 0.985435 0.044247
v -1.138016 0.985435 0.132741
v -1.049522 0.896941 0.044247
v -1.049522 0.896941 0.132741
v -1.049522 0.985435 0.044247
v -1.049522 0.985435 0.132741
v -1.138016 0.985435 0.221235
v -1.138016 0.985435 0.309729
v -1.049522 0.896941 0.221235
v -1.049522 0.896941 0.309729
v -1.049522 0.985435 0.221235
v -1.049522 0.985435 0.309729
v -0.961028 0.719953 0.044247
v -0.961028 0.719953 0.132741
v -0.872534 0.719953 0.044247
v -0.872534 0.719953 0.132741
v -0.872534 0.808447 0.044247
v -0.872534 0.808447 0.132741
v -0.961028 0.719953 0.221235
v -0.961028 0.719953 0.309729
v -0.872534 0.719953 0.221235
v -0.872534 0.719953 0.309729
v -0.872534 0.808447 0.221235
v -0.872534 0.808447 0.309729
v -0.961028 0.896941 0.044247
v -0.961028 0.896941 0.132741
v -0.872534 0.896941 0.044247
v -0.872534 0.896941 0.132741
v -0.961028 0.896941 0.221235
v -0.961028 0.896941 0.309729
v -0.872534 0.896941 0.221235
v -0.872534 0.896941 0.309729
v -1.138016 0.719953 0.398222
v -1.138016 0.719953 0.486716
v -1.138016 0.808447 0.398222
v -1.138016 0.808447 0.486716
v -1.049522 0.719953 0.398222
v -1.049522 0.719953 0.486716
v -1.049522 0.808447 0.398222
v -1.049522 0.808447 0.486716
v -1.138016 0.719953 0.575210
v -1.138016 0.719953 0.663704
v -1.138016 0.808447 0.575210
v -1.138016 0.808447 0.663704
v -1.049522 0.719953 0.575210
v -1.049522 0.719953 0.663704
v -1.049522 0.808447 0.575210
v -1.049522 0.808447 0.663704
v -1.138016 0.985435 0.398222
v -1.138016 0.985435 0.486716
v -1.049522 0.896941 0.398222
v -1.049522 0.896941 0.486716
v -1.049522 0.985435 0.398222
v -1.049522 0.985435 0.486716
v -1.138016 0.896941 0.663704
v -1.138016 0.985435 0.575210
v -1.138016 0.985435 0.663704
v -1.049522 0.896941 0.575210
v -1.049522 0.896941 0.663704
v -1.049522 0.985435 0.575210
v -1.049522 0.985435 0.663704
v -0.961028 0.719953 0.398222
v -0.961028 0.719953 0.486716
v -0.872534 0.719953 0.398222
v -0.872534 0.719953 0.486716
v -0.872534 0.808447 0.398222
v -0.872534 0.808447 0.486716
v -0.961028 0.719953 0.575210
v -0.961028 0.719953 0.663704
v -0.961028 0.808447 0.663704
v -0.872534 0.719953 0.575210
v -0.872534 0.719953 0.663704
v -0.872534 0.808447 0.575210
v -0.872534 0.808447 0.663704
v -0.961028 0.896941 0.398222
v -0.961028 0.896941 0.486716
v -0.872534 0.896941 0.398222
v -0.872534 0.896941 0.486716
v -0.961028 0.896941 0.575210
v -0.961028 0.896941 0.663704
v -0.872534 0.896941 0.575210
v -0.872534 0.896941 0.663704
v -0.784040 0.719953 0.044247
v -0.784040 0.719953 0.132741
v -0.784040 0.808447 0.044247
v -0.784040 0.808447 0.132741
v -0.784040 0.719953 0.221235
v -0.784040 0.719953 0.309729
v -0.784040 0.808447 0.221235
v -0.784040 0.808447 0.309729
v -0.784040 0.719953 0.398222
v -0.784040 0.719953 0.486716
v -0.784040 0.808447 0.398222
v -0.784040 0.808447 0.486716
v -0.784040 0.719953 0.575210
v -0.784040 0.719953 0.663704
v -0.784040 0.808447 0.575210
v -0.784040 0.808447 0.663704
v -0.430065 0.012002 -0.840692
v -0.430065 0.012002 -0.752198
v -0.430065 0.100496 -0.840692
v -0.430065 0.100496 -0.752198
v -0.341571 0.012002 -0.840692
v -0.341571 0.012002 -0.752198
v -0.341571 0.100496 -0.840692
v -0.341571 0.100496 -0.752198
v -0.253077 0.012002 -0.840692
v -0.253077 0.012002 -0.752198
v -0.253077 0.100496 -0.840692
v -0.253077 0.100496 -0.752198
v -0.164583 0.012002 -0.840692
v -0.164583 0.012002 -0.752198
v -0.164583 0.100496 -0.840692
v -0.164583 0.100496 -0.752198
v -0.076089 0.012002 -0.840692
v -0.076089 0.012002 -0.752198
v -0.076089 0.100496 -0.840692
v -0.076089 0.100496 -0.752198
v 0.012404 0.012002 -0.840692
v 0.012404 0.012002 -0.752198
v 0.012404 0.100496 -0.840692
v 0.012404 0.100496 -0.752198
v 0.100898 0.012002 -0.840692
v 0.100898 0.012002 -0.752198
v 0.100898 0.100496 -0.840692
v 0.100898 0.100496 -0.752198
v 0.189392 0.012002 -0.840692
v 0.189392 0.012002 -0.752198
v 0.189392 0.100496 -0.840692
v 0.189392 0.100496 -0.752198
v -0.430065 0.012002 -0.663704
v -0.430065 0.012002 -0.575210
v -0.430065 0.100496 -0.663704
v -0.430065 0.100496 -0.575210
v -0.341571 0.012002 -0.663704
v -0.341571 0.012002 -0.575210
v -0.341571 0.100496 -0.663704
v -0.341571 0.100496 -0.575210
v -0.430065 0.012002 -0.486716
v -0.430065 0.012002 -0.398222
v -0.430065 0.100496 -0.486716
v -0.430065 0.100496 -0.398222
v -0.341571 0.012002 -0.486716
v -0.341571 0.012002 -0.398222
v -0.341571 0.100496 -0.486716
v -0.341571 0.100496 -0.398222
v -0.253077 0.012002 -0.663704
v -0.253077 0.012002 -0.575210
v -0.253077 0.100496 -0.663704
v -0.253077 0.100496 -0.575210
v -0.164583 0.012002 -0.663704
v -0.164583 0.012002 -0.575210
v -0.164583 0.100496 -0.663704
v -0.164583 0.100496 -0.575210
v -0.253077 0.012002 -0.486716
v -0.253077 0.012002 -0.398222
v -0.253077 0.100496 -0.486716
v -0.253077 0.100496 -0.398222
v -0.164583 0.012002 -0.486716
v -0.164583 0.012002 -0.398222
v -0.164583 0.100496 -0.486716
v -0.164583 0.100496 -0.398222
v -0.430065 0.012002 -0.309729
v -0.430065 0.012002 -0.221235
v -0.430065 0.100496 -0.309729
v -0.430065 0.100496 -0.221235
v -0.341571 0.012002 -0.309729
v -0.341571 0.012002 -0.221235
v -0.341571 0.100496 -0.309729
v -0.341571 0.100496 -0.221235
v -0.430065 0.012002 -0.132741
v -0.430065 0.012002 -0.044247
v -0.430065 0.100496 -0.132741
v -0.430065 0.100496 -0.044247
v -0.341571 0.012002 -0.132741
v -0.341571 0.012002 -0.044247
v -0.341571 0.100496 -0.132741
v -0.341571 0.100496 -0.044247
v -0.253077 0.012002 -0.309729
v -0.253077 0.012002 -0.221235
v -0.253077 0.100496 -0.309729
v -0.253077 0.100496 -0.221235
v -0.164583 0.012002 -0.309729
v -0.164583 0.012002 -0.221235
v -0.164583 0.100496 -0.309729
v -0.164583 0.100496 -0.221235
v -0.253077 0.012002 -0.132741
v -0.253077 0.012002 -0.044247
v -0.253077 0.100496 -0.132741
v -0.253077 0.100496 -0.044247
v -0.164583 0.012002 -0.132741
v -0.164583 0.012002 -0.044247
v -0.164583 0.100496 -0.132741
v -0.164583 0.100496 -0.044247
v -0.076089 0.012002 -0.663704
v -0.076089 0.012002 -0.575210
v -0.076089 0.100496 -0.663704
v -0.076089 0.100496 -0.575210
v 0.012404 0.012002 -0.663704
v 0.012404 0.012002 -0.575210
v 0.012404 0.100496 -0.663704
v 0.012404 0.100496 -0.575210
v -0.076089 0.012002 -0.486716
v -0.076089 0.012002 -0.398222
v -0.076089 0.100496 -0.486716
v -0.076089 0.100496 -0.398222
v 0.012404 0.012002 -0.486716
v 0.012404 0.012002 -0.398222
v 0.012404 0.100496 -0.486716
v 0.012404 0.100496 -0.398222
v 0.100898 0.012002 -0.663704
v 0.100898 0.012002 -0.575210
v 0.100898 0.100496 -0.663704
v 0.100898 0.100496 -0.575210
v 0.189392 0.012002 -0.663704
v 0.189392 0.012002 -0.575210
v 0.189392 0.100496 -0.663704
v 0.189392 0.100496 -0.575210
v 0.100898 0.012002 -0.486716
v 0.100898 0.012002 -0.398222
v 0.100898 0.100496 -0.486716
v 0.100898 0.100496 -0.398222
v 0.189392 0.012002 -0.486716
v 0.189392 0.012002 -0.398222
v 0.189392 0.100496 -0.486716
v 0.189392 0.100496 -0.398222
v -0.076089 0.012002 -0.309729
v -0.076089 0.012002 -0.221235
v -0.076089 0.100496 -0.309729
v -0.076089 0.100496 -0.221235
v 0.012404 0.012002 -0.309729
v 0.012404 0.012002 -0.221235
v 0.012404 0.100496 -0.309729
v 0.012404 0.100496 -0.221235
v -0.076089 0.012002 -0.132741
v -0.076089 0.012002 -0.044247
v -0.076089 0.100496 -0.132741
v -0.076089 0.100496 -0.044247
v 0.012404 0.012002 -0.132741
v 0.012404 0.012002 -0.044247
v 0.012404 0.100496 -0.132741
v 0.012404 0.100496 -0.044247
v 0.100898 0.012002 -0.309729
v 0.100898 0.012002 -0.221235
v 0.100898 0.100496 -0.309729
v 0.100898 0.100496 -0.221235
v 0.189392 0.012002 -0.309729
v 0.189392 0.012002 -0.221235
v 0.189392 0.100496 -0.309729
v 0.189392 0.100496 -0.221235
v 0.100898 0.012002 -0.132741
v 0.100898 0.012002 -0.044247
v 0.100898 0.100496 -0.132741
v 0.100898 0.100496 -0.044247
v 0.189392 0.012002 -0.132741
v 0.189392 0.012002 -0.044247
v 0.189392 0.100496 -0.132741
v 0.189392 0.100496 -0.044247
v 0.277886 0.012002 -0.840692
v 0.277886 0.012002 -0.752198
v 0.277886 0.100496 -0.840692
v 0.277886 0.100496 -0.752198
v 0.366380 0.012002 -0.840692
v 0.366380 0.012002 -0.752198
v 0.366380 0.100496 -0.840692
v 0.366380 0.100496 -0.752198
v 0.454874 0.012002 -0.840692
v 0.454874 0.012002 -0.752198
v 0.454874 0.100496 -0.840692
v 0.454874 0.100496 -0.752198
v 0.543368 0.012002 -0.840692
v 0.543368 0.012002 -0.752198
v 0.543368 0.100496 -0.840692
v 0.543368 0.100496 -0.752198
v 0.543368 0.188990 -0.840692
v 0.543368 0.188990 -0.752198
v 0.631862 0.012002 -0.840692
v 0.631862 0.012002 -0.752198
v 0.631862 0.100496 -0.840692
v 0.631862 0.100496 -0.752198
v 0.720355 0.012002 -0.840692
v 0.720355 0.012002 -0.752198
v 0.720355 0.100496 -0.840692
v 0.720355 0.100496 -0.752198
v 0.631862 0.188990 -0.840692
v 0.631862 0.188990 -0.752198
v 0.808849 0.012002 -0.840692
v 0.808849 0.012002 -0.752198
v 0.808849 0.100496 -0.840692
v 0.808849 0.100496 -0.752198
v 0.277886 0.012002 -0.663704
v 0.277886 0.012002 -0.575210
v 0.277886 0.100496 -0.663704
v 0.277886 0.100496 -0.575210
v 0.366380 0.012002 -0.663704
v 0.366380 0.012002 -0.575210
v 0.366380 0.100496 -0.663704
v 0.366380 0.100496 -0.575210
v 0.277886 0.012002 -0.486716
v 0.277886 0.012002 -0.398222
v 0.277886 0.100496 -0.486716
v 0.277886 0.100496 -0.398222
v 0.366380 0.012002 -0.486716
v 0.366380 0.012002 -0.398222
v 0.366380 0.100496 -0.486716
v 0.366380 0.100496 -0.398222
v 0.454874 0.012002 -0.663704
v 0.454874 0.012002 -0.575210
v 0.454874 0.100496 -0.663704
v 0.454874 0.100496 -0.575210
v 0.543368 0.012002 -0.663704
v 0.543368 0.012002 -0.575210
v 0.543368 0.100496 -0.663704
v 0.543368 0.100496 -0.575210
v 0.454874 0.012002 -0.486716
v 0.454874 0.012002 -0.398222
v 0.454874 0.100496 -0.486716
v 0.454874 0.100496 -0.398222
v 0.543368 0.012002 -0.486716
v 0.543368 0.012002 -0.398222
v 0.543368 0.100496 -0.486716
v 0.543368 0.100496 -0.398222
v 0.543368 0.188990 -0.663704
v 0.543368 0.188990 -0.575210
v 0.543368 0.188990 -0.486716
v 0.543368 0.188990 -0.398222
v 0.277886 0.012002 -0.309729
v 0.277886 0.012002 -0.221235
v 0.277886 0.100496 -0.309729
v 0.277886 0.100496 -0.221235
v 0.366380 0.012002 -0.309729
v 0.366380 0.012002 -0.221235
v 0.366380 0.100496 -0.309729
v 0.366380 0.100496 -0.221235
v 0.277886 0.012002 -0.132741
v 0.277886 0.012002 -0.044247
v 0.277886 0.100496 -0.132741
v 0.277886 0.100496 -0.044247
v 0.366380 0.012002 -0.132741
v 0.366380 0.012002 -0.044247
v 0.366380 0.100496 -0.132741
v 0.366380 0.100496 -0.044247
v 0.454874 0.012002 -0.309729
v 0.454874 0.012002 -0.221235
v 0.454874 0.100496 -0.309729
v 0.454874 0.100496 -0.221235
v 0.543368 0.012002 -0.309729
v 0.543368 0.012002 -0.221235
v 0.543368 0.100496 -0.309729
v 0.543368 0.100496 -0.221235
v 0.454874 0.012002 -0.132741
v 0.454874 0.012002 -0.044247
v 0.454874 0.100496 -0.132741
v 0.454874 0.100496 -0.044247
v 0.543368 0.012002 -0.132741
v 0.543368 0.012002 -0.044247
v 0.543368 0.100496 -0.132741
v 0.543368 0.100496 -0.044247
v 0.543368 0.188990 -0.309729
v 0.543368 0.188990 -0.221235
v 0.543368 0.188990 -0.132741
v 0.543368 0.188990 -0.044247
v 0.631862 0.012002 -0.663704
v 0.631862 0.012002 -0.575210
v 0.631862 0.100496 -0.663704
v 0.631862 0.100496 -0.575210
v 0.720355 0.012002 -0.663704
v 0.720355 0.012002 -0.575210
v 0.720355 0.100496 -0.663704
v 0.720355 0.100496 -0.575210
v 0.631862 0.012002 -0.486716
v 0.631862 0.012002 -0.398222
v 0.631862 0.100496 -0.486716
v 0.631862 0.100496 -0.398222
v 0.720355 0.012002 -0.486716
v 0.720355 0.012002 -0.398222
v 0.720355 0.100496 -0.486716
v 0.720355 0.100496 -0.398222
v 0.631862 0.188990 -0.663704
v 0.631862 0.188990 -0.575210
v 0.631862 0.188990 -0.486716
v 0.631862 0.188990 -0.398222
v 0.808849 0.012002 -0.663704
v 0.808849 0.012002 -0.575210
v 0.808849 0.100496 -0.663704
v 0.808849 0.100496 -0.575210
v 0.808849 0.012002 -0.486716
v 0.808849 0.012002 -0.398222
v 0.808849 0.100496 -0.486716
v 0.808849 0.100496 -0.398222
v 0.631862 0.012002 -0.309729
v 0.631862 0.012002 -0.221235
v 0.631862 0.100496 -0.309729
v 0.631862 0.100496 -0.221235
v 0.720355 0.012002 -0.309729
v 0.720355 0.012002 -0.221235
v 0.720355 0.100496 -0.309729
v 0.720355 0.100496 -0.221235
v 0.631862 0.012002 -0.132741
v 0.631862 0.012002 -0.044247
v 0.631862 0.100496 -0.132741
v 0.631862 0.100496 -0.044247
v 0.720355 0.012002 -0.132741
v 0.720355 0.012002 -0.044247
v 0.720355 0.100496 -0.132741
v 0.720355 0.100496 -0.044247
v 0.631862 0.188990 -0.309729
v 0.631862 0.188990 -0.221235
v 0.631862 0.188990 -0.132741
v 0.631862 0.188990 -0.044247
v 0.808849 0.012002 -0.309729
v 0.808849 0.012002 -0.221235
v 0.808849 0.100496 -0.309729
v 0.808849 0.100496 -0.221235
v 0.808849 0.012002 -0.132741
v 0.808849 0.012002 -0.044247
v 0.808849 0.100496 -0.132741
v 0.808849 0.100496 -0.044247
v -0.430065 0.012002 0.044247
v -0.430065 0.012002 0.132741
v -0.430065 0.100496 0.044247
v -0.430065 0.100496 0.132741
v -0.341571 0.012002 0.044247
v -0.341571 0.012002 0.132741
v -0.341571 0.100496 0.044247
v -0.341571 0.100496 0.132741
v -0.430065 0.012002 0.221235
v -0.430065 0.012002 0.309729
v -0.430065 0.100496 0.221235
v -0.430065 0.100496 0.309729
v -0.341571 0.012002 0.221235
v -0.341571 0.012002 0.309729
v -0.341571 0.100496 0.221235
v -0.341571 0.100496 0.309729
v -0.253077 0.012002 0.044247
v -0.253077 0.012002 0.132741
v -0.253077 0.100496 0.044247
v -0.253077 0.100496 0.132741
v -0.164583 0.012002 0.044247
v -0.164583 0.012002 0.132741
v -0.164583 0.100496 0.044247
v -0.164583 0.100496 0.132741
v -0.253077 0.012002 0.221235
v -0.253077 0.012002 0.309729
v -0.253077 0.100496 0.221235
v -0.253077 0.100496 0.309729
v -0.164583 0.012002 0.221235
v -0.164583 0.012002 0.309729
v -0.164583 0.100496 0.221235
v -0.164583 0.100496 0.309729
v -0.430065 0.012002 0.398222
v -0.430065 0.012002 0.486716
v -0.430065 0.100496 0.398222
v -0.430065 0.100496 0.486716
v -0.341571 0.012002 0.398222
v -0.341571 0.012002 0.486716
v -0.341571 0.100496 0.398222
v -0.341571 0.100496 0.486716
v -0.430065 0.012002 0.575210
v -0.430065 0.012002 0.663704
v -0.430065 0.100496 0.575210
v -0.430065 0.100496 0.663704
v -0.341571 0.012002 0.575210
v -0.341571 0.012002 0.663704
v -0.341571 0.100496 0.575210
v -0.341571 0.100496 0.663704
v -0.253077 0.012002 0.398222
v -0.253077 0.012002 0.486716
v -0.253077 0.100496 0.398222
v -0.253077 0.100496 0.486716
v -0.164583 0.012002 0.398222
v -0.164583 0.012002 0.486716
v -0.164583 0.100496 0.398222
v -0.164583 0.100496 0.486716
v -0.253077 0.012002 0.575210
v -0.253077 0.012002 0.663704
v -0.253077 0.100496 0.575210
v -0.253077 0.100496 0.663704
v -0.164583 0.012002 0.575210
v -0.164583 0.012002 0.663704
v -0.164583 0.100496 0.575210
v -0.164583 0.100496 0.663704
v -0.076089 0.012002 0.044247
v -0.076089 0.012002 0.132741
v -0.076089 0.100496 0.044247
v -0.076089 0.100496 0.132741
v 0.012404 0.012002 0.044247
v 0.012404 0.012002 0.132741
v 0.012404 0.100496 0.044247
v 0.012404 0.100496 0.132741
v -0.076089 0.012002 0.221235
v -0.076089 0.012002 0.309729
v -0.076089 0.100496 0.221235
v -0.076089 0.100496 0.309729
v 0.012404 0.012002 0.221235
v 0.012404 0.012002 0.309729
v 0.012404 0.100496 0.221235
v 0.012404 0.100496 0.309729
v 0.100898 0.012002 0.044247
v 0.100898 0.012002 0.132741
v 0.100898 0.100496 0.044247
v 0.100898 0.100496 0.132741
v 0.189392 0.012002 0.044247
v 0.189392 0.012002 0.132741
v 0.189392 0.100496 0.044247
v 0.189392 0.100496 0.132741
v 0.100898 0.012002 0.221235
v 0.100898 0.012002 0.309729
v 0.100898 0.100496 0.221235
v 0.100898 0.100496 0.309729
v 0.189392 0.012002 0.221235
v 0.189392 0.012002 0.309729
v 0.189392 0.100496 0.221235
v 0.189392 0.100496 0.309729
v -0.076089 0.012002 0.398222
v -0.076089 0.012002 0.486716
v -0.076089 0.100496 0.398222
v -0.076089 0.100496 0.486716
v 0.012404 0.012002 0.398222
v 0.012404 0.012002 0.486716
v 0.012404 0.100496 0.398222
v 0.012404 0.100496 0.486716
v -0.076089 0.012002 0.575210
v -0.076089 0.012002 0.663704
v -0.076089 0.100496 0.575210
v -0.076089 0.100496 0.663704
v 0.012404 0.012002 0.575210
v 0.012404 0.012002 0.663704
v 0.012404 0.100496 0.575210
v 0.012404 0.100496 0.663704
v 0.100898 0.012002 0.398222
v 0.100898 0.012002 0.486716
v 0.100898 0.100496 0.398222
v 0.100898 0.100496 0.486716
v 0.189392 0.012002 0.398222
v 0.189392 0.012002 0.486716
v 0.189392 0.100496 0.398222
v 0.189392 0.100496 0.486716
v 0.100898 0.012002 0.575210
v 0.100898 0.012002 0.663704
v 0.100898 0.100496 0.575210
v 0.100898 0.100496 0.663704
v 0.189392 0.012002 0.575210
v 0.189392 0.012002 0.663704
v 0.189392 0.100496 0.575210
v 0.189392 0.100496 0.663704
v 0.277886 0.012002 0.044247
v 0.277886 0.012002 0.132741
v 0.277886 0.100496 0.044247
v 0.277886 0.100496 0.132741
v 0.366380 0.012002 0.044247
v 0.366380 0.012002 0.132741
v 0.366380 0.100496 0.044247
v 0.366380 0.100496 0.132741
v 0.277886 0.012002 0.221235
v 0.277886 0.012002 0.309729
v 0.277886 0.100496 0.221235
v 0.277886 0.100496 0.309729
v 0.366380 0.012002 0.221235
v 0.366380 0.012002 0.309729
v 0.366380 0.100496 0.221235
v 0.366380 0.100496 0.309729
v 0.454874 0.012002 0.044247
v 0.454874 0.012002 0.132741
v 0.454874 0.100496 0.044247
v 0.454874 0.100496 0.132741
v 0.543368 0.012002 0.044247
v 0.543368 0.012002 0.132741
v 0.543368 0.100496 0.044247
v 0.543368 0.100496 0.132741
v 0.454874 0.012002 0.221235
v 0.454874 0.012002 0.309729
v 0.454874 0.100496 0.221235
v 0.454874 0.100496 0.309729
v 0.543368 0.012002 0.221235
v 0.543368 0.012002 0.309729
v 0.543368 0.100496 0.221235
v 0.543368 0.100496 0.309729
v 0.543368 0.188990 0.044247
v 0.543368 0.188990 0.132741
v 0.543368 0.188990 0.221235
v 0.543368 0.188990 0.309729
v 0.277886 0.012002 0.398222
v 0.277886 0.012002 0.486716
v 0.277886 0.100496 0.398222
v 0.277886 0.100496 0.486716
v 0.366380 0.012002 0.398222
v 0.366380 0.012002 0.486716
v 0.366380 0.100496 0.398222
v 0.366380 0.100496 0.486716
v 0.277886 0.012002 0.575210
v 0.277886 0.012002 0.663704
v 0.277886 0.100496 0.575210
v 0.277886 0.100496 0.663704
v 0.366380 0.012002 0.575210
v 0.366380 0.012002 0.663704
v 0.366380 0.100496 0.575210
v 0.366380 0.100496 0.663704
v 0.454874 0.012002 0.398222
v 0.454874 0.012002 0.486716
v 0.454874 0.100496 0.398222
v 0.454874 0.100496 0.486716
v 0.543368 0.012002 0.398222
v 0.543368 0.012002 0.486716
v 0.543368 0.100496 0.398222
v 0.543368 0.100496 0.486716
v 0.454874 0.012002 0.575210
v 0.454874 0.012002 0.663704
v 0.454874 0.100496 0.575210
v 0.454874 0.100496 0.663704
v 0.543368 0.012002 0.575210
v 0.543368 0.012002 0.663704
v 0.543368 0.100496 0.575210
v 0.543368 0.100496 0.663704
v 0.543368 0.188990 0.398222
v 0.543368 0.188990 0.486716
v 0.543368 0.188990 0.575210
v 0.543368 0.188990 0.663704
v 0.631862 0.012002 0.044247
v 0.631862 0.012002 0.132741
v 0.631862 0.100496 0.044247
v 0.631862 0.100496 0.132741
v 0.720355 0.012002 0.044247
v 0.720355 0.012002 0.132741
v 0.720355 0.100496 0.044247
v 0.720355 0.100496 0.132741
v 0.631862 0.012002 0.221235
v 0.631862 0.012002 0.309729
v 0.631862 0.100496 0.221235
v 0.631862 0.100496 0.309729
v 0.720355 0.012002 0.221235
v 0.720355 0.012002 0.309729
v 0.720355 0.100496 0.221235
v 0.720355 0.100496 0.309729
v 0.631862 0.188990 0.044247
v 0.631862 0.188990 0.132741
v 0.631862 0.188990 0.221235
v 0.631862 0.188990 0.309729
v 0.808849 0.012002 0.044247
v 0.808849 0.012002 0.132741
v 0.808849 0.100496 0.044247
v 0.808849 0.100496 0.132741
v 0.808849 0.012002 0.221235
v 0.808849 0.012002 0.309729
v 0.808849 0.100496 0.221235
v 0.808849 0.100496 0.309729
v 0.631862 0.012002 0.398222
v 0.631862 0.012002 0.486716
v 0.631862 0.100496 0.398222
v 0.631862 0.100496 0.486716
v 0.720355 0.012002 0.398222
v 0.720355 0.012002 0.486716
v 0.720355 0.100496 0.398222
v 0.720355 0.100496 0.486716
v 0.631862 0.012002 0.575210
v 0.631862 0.012002 0.663704
v 0.631862 0.100496 0.575210
v 0.631862 0.100496 0.663704
v 0.720355 0.012002 0.575210
v 0.720355 0.012002 0.663704
v 0.720355 0.100496 0.575210
v 0.720355 0.100496 0.663704
v 0.631862 0.188990 0.398222
v 0.631862 0.188990 0.486716
v 0.631862 0.188990 0.575210
v 0.631862 0.188990 0.663704
v 0.808849 0.012002 0.398222
v 0.808849 0.012002 0.486716
v 0.808849 0.100496 0.398222
v 0.808849 0.100496 0.486716
v 0.808849 0.012002 0.575210
v 0.808849 0.012002 0.663704
v 0.808849 0.100496 0.575210
v 0.808849 0.100496 0.663704
v 0.543368 0.100496 0.752198
v 0.543368 0.100496 0.840692
v 0.543368 0.188990 0.752198
v 0.543368 0.188990 0.840692
v 0.631862 0.100496 0.752198
v 0.631862 0.100496 0.840692
v 0.631862 0.188990 0.752198
v 0.631862 0.188990 0.840692
vn -0.0000 -0.0000 -1.0000
vn -1.0000 -0.0000 -0.0000
vn -0.0000 -1.0000 -0.0000
vn -0.0000 1.0000 -0.0000
vn 1.0000 -0.0000 -0.0000
vn -0.0000 -0.0000 1.0000
s 0
usemtl palette
f 7//1 8//1 6//1
f 3//1 6//1 2//1
f 6//1 5//1 4//1
f 2//1 4//1 1//1
f 15//1 16//1 14//1
f 19//1 20//1 18//1
f 11//1 14//1 10//1
f 13//1 18//1 12//1
f 18//1 17//1 15//1
f 12//1 15//1 11//1
f 25//1 26//1 24//1
f 31//1 32//1 30//1
f 27//1 30//1 26//1
f 24//1 23//1 22//1
f 30//1 29//1 28//1
f 26//1 28//1 23//1
f 35//1 36//1 34//1
f 39//1 40//1 38//1
f 43//1 44//1 42//1
f 47//1 48//1 46//1
f 37//1 42//1 36//1
f 41//1 46//1 40//1
f 38//1 37//1 35//1
f 46//1 45//1 43//1
f 40//1 43//1 37//1
f 9//1 24//1 8//1
f 8//1 22//1 5//1
f 17//1 34//1 16//1
f 21//1 38//1 20//1
f 20//1 35//1 17//1
f 14//1 9//1 7//1
f 10//1 7//1 3//1
f 34//1 27//1 25//1
f 42//1 33//1 31//1
f 36//1 31//1 27//1
f 16//1 25//1 9//1
f 55//2 56//2 54//2
f 59//2 60//2 58//2
f 64//3 63//3 62//3
f 68//3 67//3 66//3
f 62//3 51//3 50//3
f 66//3 53//3 52//3
f 51//2 54//2 50//2
f 53//2 58//2 52//2
f 58//2 57//2 55//2
f 65//3 66//3 63//3
f 52//2 55//2 51//2
f 63//3 52//3 51//3
f 75//2 76//2 74//2
f 79//2 80//2 78//2
f 84//3 83//3 82//3
f 88//3 87//3 86//3
f 82//3 71//3 70//3
f 86//3 73//3 72//3
f 71//2 74//2 70//2
f 73//2 78//2 72//2
f 78//2 77//2 75//2
f 85//3 86//3 83//3
f 72//2 75//2 71//2
f 83//3 72//3 71//3
f 91//2 92//2 90//2
f 95//2 96//2 94//2
f 99//2 100//2 98//2
f 103//2 104//2 102//2
f 93//2 98//2 92//2
f 97//2 102//2 96//2
f 94//2 93//2 91//2
f 102//2 101//2 99//2
f 96//2 99//2 93//2
f 107//2 108//2 106//2
f 111//2 112//2 110//2
f 115//2 116//2 114//2
f 119//2 120//2 118//2
f 109//2 114//2 108//2
f 113//2 118//2 112//2
f 110//2 109//2 107//2
f 118//2 117//2 115//2
f 112//2 115//2 109//2
f 124//3 123//3 122//3
f 128//3 127//3 126//3
f 132//3 131//3 130//3
f 136//3 135//3 134//3
f 130//3 125//3 124//3
f 134//3 129//3 128//3
f 125//3 126//3 123//3
f 133//3 134//3 131//3
f 131//3 128//3 125//3
f 140//3 139//3 138//3
f 144//3 143//3 142//3
f 148//3 147//3 146//3
f 152//3 151//3 150//3
f 146//3 141//3 140//3
f 150//3 145//3 144//3
f 141//3 142//3 139//3
f 149//3 150//3 147//3
f 147//3 144//3 141//3
f 122//3 65//3 64//3
f 126//3 69//3 68//3
f 123//3 68//3 65//3
f 138//3 85//3 84//3
f 142//3 89//3 88//3
f 139//3 88//3 85//3
f 57//2 90//2 56//2
f 61//2 94//2 60//2
f 60//2 91//2 57//2
f 77//2 106//2 76//2
f 81//2 110//2 80//2
f 80//2 107//2 77//2
f 74//2 61//2 59//2
f 69//3 82//3 67//3
f 70//2 59//2 53//2
f 67//3 70//3 53//3
f 106//2 97//2 95//2
f 114//2 105//2 103//2
f 108//2 103//2 97//2
f 129//3 138//3 127//3
f 137//3 146//3 135//3
f 135//3 140//3 129//3
f 76//2 95//2 61//2
f 127//3 84//3 69//3
f 157//1 158//1 156//1
f 163//1 164//1 162//1
f 159//1 162//1 158//1
f 156//1 155//1 154//1
f 162//1 161//1 160//1
f 158//1 160//1 155//1
f 167//1 168//1 166//1
f 171//1 172//1 170//1
f 175//1 176//1 174//1
f 179//1 180//1 178//1
f 169//1 174//1 168//1
f 173//1 178//1 172//1
f 170//1 169//1 167//1
f 178//1 177//1 175//1
f 172//1 175//1 169//1
f 183//2 184//2 182//2
f 186//3 183//3 182//3
f 189//4 184//4 185//4
f 184//1 186//1 182//1
f 191//1 192//1 190//1
f 198//3 195//3 194//3
f 196//1 198//1 194//1
f 205//4 202//4 203//4
f 194//3 187//3 186//3
f 197//4 188//4 189//4
f 188//1 194//1 186//1
f 190//1 189//1 185//1
f 197//2 202//2 196//2
f 205//5 200//5 204//5
f 202//1 200//1 196//1
f 207//1 208//1 206//1
f 165//1 190//1 164//1
f 164//1 185//1 161//1
f 177//1 206//1 176//1
f 166//1 159//1 157//1
f 174//1 165//1 163//1
f 168//1 163//1 159//1
f 206//1 193//1 191//1
f 176//1 191//1 165//1
f 212//3 211//3 210//3
f 216//3 215//3 214//3
f 220//3 219//3 218//3
f 224//3 223//3 222//3
f 218//3 213//3 212//3
f 222//3 217//3 216//3
f 213//3 214//3 211//3
f 221//3 222//3 219//3
f 219//3 216//3 213//3
f 228//3 227//3 226//3
f 232//3 231//3 230//3
f 236//3 235//3 234//3
f 240//3 239//3 238//3
f 234//3 229//3 228//3
f 238//3 233//3 232//3
f 229//3 230//3 227//3
f 237//3 238//3 235//3
f 235//3 232//3 229//3
f 249//5 246//5 248//5
f 253//5 250//5 252//5
f 247//5 242//5 246//5
f 251//5 244//5 250//5
f 252//5 247//5 249//5
f 250//5 243//5 247//5
f 257//4 254//4 255//4
f 261//4 258//4 259//4
f 265//5 262//5 264//5
f 267//6 262//6 266//6
f 271//5 268//5 270//5
f 275//4 272//4 273//4
f 279//4 276//4 277//4
f 283//6 280//6 282//6
f 273//4 256//4 257//4
f 277//4 260//4 261//4
f 281//6 266//6 280//6
f 263//5 254//5 262//5
f 266//6 254//6 256//6
f 282//6 272//6 274//6
f 269//5 258//5 268//5
f 260//4 255//4 258//4
f 270//5 263//5 265//5
f 278//4 273//4 276//4
f 268//5 255//5 263//5
f 276//4 257//4 260//4
f 280//6 256//6 272//6
f 285//2 286//2 284//2
f 288//3 285//3 284//3
f 298//3 295//3 294//3
f 298//6 292//6 296//6
f 295//1 297//1 293//1
f 303//5 300//5 302//5
f 307//5 304//5 306//5
f 312//3 309//3 308//3
f 322//3 319//3 318//3
f 322//6 316//6 320//6
f 319//1 321//1 317//1
f 327//4 324//4 325//4
f 331//4 328//4 329//4
f 308//3 289//3 288//3
f 311//4 290//4 291//4
f 318//6 296//6 316//6
f 299//1 317//1 297//1
f 301//5 290//5 300//5
f 311//2 324//2 310//2
f 327//5 314//5 326//5
f 305//5 298//5 304//5
f 319//2 328//2 318//2
f 331//5 322//5 330//5
f 292//2 287//2 285//2
f 289//3 292//3 285//3
f 306//5 301//5 303//5
f 313//3 316//3 309//3
f 330//4 325//4 328//4
f 304//5 291//5 301//5
f 318//2 325//2 311//2
f 330//5 315//5 327//5
f 309//3 296//3 289//3
f 318//4 291//4 298//4
f 333//2 334//2 332//2
f 336//3 333//3 332//3
f 346//3 343//3 342//3
f 346//6 340//6 344//6
f 343//1 345//1 341//1
f 351//5 348//5 350//5
f 355//5 352//5 354//5
f 360//3 357//3 356//3
f 370//3 367//3 366//3
f 370//6 364//6 368//6
f 367//1 369//1 365//1
f 375//4 372//4 373//4
f 379//4 376//4 377//4
f 356//3 337//3 336//3
f 359//4 338//4 339//4
f 366//6 344//6 364//6
f 347//1 365//1 345//1
f 349//5 338//5 348//5
f 359//2 372//2 358//2
f 375//5 362//5 374//5
f 353//5 346//5 352//5
f 367//2 376//2 366//2
f 379//5 370//5 378//5
f 340//2 335//2 333//2
f 337//3 340//3 333//3
f 354//5 349//5 351//5
f 361//3 364//3 357//3
f 378//4 373//4 376//4
f 352//5 339//5 349//5
f 366//2 373//2 359//2
f 378//5 363//5 375//5
f 357//3 344//3 337//3
f 366//4 339//4 346//4
f 385//5 382//5 384//5
f 385//4 380//4 381//4
f 391//5 388//5 390//5
f 391//4 386//4 387//4
f 390//5 383//5 385//5
f 390//4 381//4 386//4
f 397//5 394//5 396//5
f 397//4 392//4 393//4
f 403//5 400//5 402//5
f 403//4 398//4 399//4
f 402//5 395//5 397//5
f 402//4 393//4 398//4
f 286//3 221//3 220//3
f 294//3 225//3 224//3
f 287//3 224//3 221//3
f 334//3 237//3 236//3
f 342//3 241//3 240//3
f 335//3 240//3 237//3
f 381//4 242//4 243//4
f 387//4 244//4 245//4
f 386//4 243//4 244//4
f 393//4 274//4 275//4
f 399//4 278//4 279//4
f 398//4 275//4 278//4
f 383//5 302//5 382//5
f 389//5 306//5 388//5
f 388//5 303//5 383//5
f 395//5 350//5 394//5
f 401//5 354//5 400//5
f 400//5 351//5 395//5
f 217//3 226//3 215//3
f 225//3 234//3 223//3
f 223//3 228//3 217//3
f 283//5 251//5 253//5
f 282//5 245//5 251//5
f 332//2 295//2 293//2
f 297//3 332//3 293//3
f 350//5 305//5 307//5
f 321//3 356//3 317//3
f 374//4 329//4 372//4
f 348//5 299//5 305//5
f 358//2 329//2 319//2
f 374//5 323//5 331//5
f 317//3 336//3 297//3
f 358//4 299//4 338//4
f 396//5 389//5 391//5
f 396//4 387//4 392//4
f 394//5 307//5 389//5
f 295//3 236//3 225//3
f 392//4 245//4 274//4
f 33//1 156//1 32//1
f 32//1 154//1 29//1
f 45//1 166//1 44//1
f 49//1 170//1 48//1
f 48//1 167//1 45//1
f 44//1 157//1 33//1
f 210//3 133//3 132//3
f 214//3 137//3 136//3
f 211//3 136//3 133//3
f 226//3 149//3 148//3
f 230//3 153//3 152//3
f 227//3 152//3 149//3
f 215//3 148//3 137//3
f 54//2 3//2 2//2
f 5//3 62//3 4//3
f 50//2 2//2 1//2
f 4//3 50//3 1//3
f 90//2 11//2 10//2
f 98//2 13//2 12//2
f 92//2 12//2 11//2
f 23//3 122//3 22//3
f 29//3 130//3 28//3
f 28//3 124//3 23//3
f 56//2 10//2 3//2
f 22//3 64//3 5//3
f 155//3 210//3 154//3
f 161//3 218//3 160//3
f 160//3 212//3 155//3
f 248//5 180//5 181//5
f 246//5 177//5 180//5
f 284//2 185//2 183//2
f 187//3 284//3 183//3
f 302//5 192//5 193//5
f 199//3 308//3 195//3
f 326//4 203//4 324//4
f 300//5 189//5 192//5
f 310//2 203//2 197//2
f 326//5 201//5 205//5
f 195//3 288//3 187//3
f 310//4 189//4 290//4
f 384//5 208//5 209//5
f 384//4 207//4 380//4
f 382//5 193//5 208//5
f 185//3 220//3 161//3
f 380//4 177//4 242//4
f 154//3 132//3 29//3
f 409//2 410//2 408//2
f 413//2 414//2 412//2
f 418//3 417//3 416//3
f 422//3 421//3 420//3
f 416//3 405//3 404//3
f 420//3 407//3 406//3
f 405//2 408//2 404//2
f 407//2 412//2 406//2
f 412//2 411//2 409//2
f 419//3 420//3 417//3
f 406//2 409//2 405//2
f 417//3 406//3 405//3
f 429//2 430//2 428//2
f 433//2 434//2 432//2
f 438//3 437//3 436//3
f 442//3 441//3 440//3
f 447//6 444//6 446//6
f 436//3 425//3 424//3
f 440//3 427//3 426//3
f 445//6 433//6 444//6
f 425//2 428//2 424//2
f 427//2 432//2 426//2
f 446//6 441//6 443//6
f 432//2 431//2 429//2
f 439//3 440//3 437//3
f 426//2 429//2 425//2
f 437//3 426//3 425//3
f 444//6 427//6 441//6
f 449//2 450//2 448//2
f 453//2 454//2 452//2
f 457//2 458//2 456//2
f 461//2 462//2 460//2
f 451//2 456//2 450//2
f 455//2 460//2 454//2
f 452//2 451//2 449//2
f 460//2 459//2 457//2
f 454//2 457//2 451//2
f 465//2 466//2 464//2
f 469//2 470//2 468//2
f 473//2 474//2 472//2
f 477//2 478//2 476//2
f 483//6 480//6 482//6
f 487//6 484//6 486//6
f 481//6 469//6 480//6
f 485//6 477//6 484//6
f 467//2 472//2 466//2
f 471//2 476//2 470//2
f 486//6 481//6 483//6
f 468//2 467//2 465//2
f 476//2 475//2 473//2
f 470//2 473//2 467//2
f 484//6 471//6 481//6
f 490//3 489//3 488//3
f 494//3 493//3 492//3
f 498//3 497//3 496//3
f 502//3 501//3 500//3
f 496//3 491//3 490//3
f 500//3 495//3 494//3
f 491//3 492//3 489//3
f 499//3 500//3 497//3
f 497//3 494//3 491//3
f 506//3 505//3 504//3
f 510//3 509//3 508//3
f 515//6 512//6 514//6
f 518//3 517//3 516//3
f 522//3 521//3 520//3
f 527//6 524//6 526//6
f 516//3 507//3 506//3
f 520//3 511//3 510//3
f 525//6 514//6 524//6
f 514//6 509//6 511//6
f 526//6 521//6 523//6
f 507//3 508//3 505//3
f 519//3 520//3 517//3
f 517//3 510//3 507//3
f 524//6 511//6 521//6
f 531//6 528//6 530//6
f 535//6 532//6 534//6
f 539//6 536//6 538//6
f 543//6 540//6 542//6
f 537//6 530//6 536//6
f 541//6 534//6 540//6
f 534//6 529//6 531//6
f 542//6 537//6 539//6
f 540//6 531//6 537//6
f 488//3 419//3 418//3
f 492//3 423//3 422//3
f 489//3 422//3 419//3
f 504//3 439//3 438//3
f 508//3 443//3 442//3
f 513//6 446//6 512//6
f 505//3 442//3 439//3
f 512//6 443//6 509//6
f 529//6 482//6 528//6
f 533//6 486//6 532//6
f 532//6 483//6 529//6
f 411//2 448//2 410//2
f 415//2 452//2 414//2
f 414//2 449//2 411//2
f 431//2 464//2 430//2
f 435//2 468//2 434//2
f 482//6 445//6 447//6
f 434//2 465//2 431//2
f 480//6 435//6 445//6
f 530//6 513//6 515//6
f 538//6 525//6 527//6
f 536//6 515//6 525//6
f 428//2 415//2 413//2
f 423//3 436//3 421//3
f 424//2 413//2 407//2
f 421//3 424//3 407//3
f 464//2 455//2 453//2
f 472//2 463//2 461//2
f 466//2 461//2 455//2
f 495//3 504//3 493//3
f 503//3 516//3 501//3
f 501//3 506//3 495//3
f 430//2 453//2 415//2
f 493//3 438//3 423//3
f 528//6 447//6 513//6
f 546//3 545//3 544//3
f 550//3 549//3 548//3
f 554//3 553//3 552//3
f 558//3 557//3 556//3
f 552//3 547//3 546//3
f 556//3 551//3 550//3
f 547//3 548//3 545//3
f 555//3 556//3 553//3
f 553//3 550//3 547//3
f 562//3 561//3 560//3
f 566//3 565//3 564//3
f 571//6 568//6 570//6
f 574//3 573//3 572//3
f 578//3 577//3 576//3
f 583//6 580//6 582//6
f 572//3 563//3 562//3
f 576//3 567//3 566//3
f 581//6 570//6 580//6
f 570//6 565//6 567//6
f 582//6 577//6 579//6
f 563//3 564//3 561//3
f 575//3 576//3 573//3
f 573//3 566//3 563//3
f 580//6 567//6 577//6
f 587//4 584//4 585//4
f 591//4 588//4 589//4
f 595//5 592//5 594//5
f 599//5 596//5 598//5
f 603//4 600//4 601//4
f 607//4 604//4 605//4
f 601//4 586//4 587//4
f 605//4 590//4 591//4
f 593//5 584//5 592//5
f 597//5 588//5 596//5
f 590//4 585//4 588//4
f 598//5 593//5 595//5
f 606//4 601//4 604//4
f 596//5 585//5 593//5
f 604//4 587//4 590//4
f 611//4 608//4 609//4
f 617//4 613//4 614//4
f 617//6 612//6 615//6
f 621//5 618//5 620//5
f 625//5 622//5 624//5
f 629//4 626//4 627//4
f 635//4 631//4 632//4
f 635//6 630//6 633//6
f 627//4 610//4 611//4
f 632//4 616//4 617//4
f 632//6 615//6 630//6
f 619//5 608//5 618//5
f 623//5 613//5 622//5
f 616//4 609//4 613//4
f 624//5 619//5 621//5
f 634//4 627//4 631//4
f 622//5 609//5 619//5
f 631//4 611//4 616//4
f 637//2 638//2 636//2
f 640//3 637//3 636//3
f 645//2 646//2 644//2
f 648//3 645//3 644//3
f 651//6 645//6 649//6
f 655//5 652//5 654//5
f 659//5 656//5 658//5
f 664//3 661//3 660//3
f 672//3 669//3 668//3
f 675//6 669//6 673//6
f 679//4 676//4 677//4
f 683//4 680//4 681//4
f 660//3 641//3 640//3
f 663//4 642//4 643//4
f 668//3 649//3 648//3
f 671//4 650//4 651//4
f 671//6 649//6 669//6
f 653//5 642//5 652//5
f 663//2 676//2 662//2
f 679//5 666//5 678//5
f 657//5 650//5 656//5
f 671//2 680//2 670//2
f 683//5 674//5 682//5
f 644//2 639//2 637//2
f 641//3 644//3 637//3
f 658//5 653//5 655//5
f 665//3 668//3 661//3
f 682//4 677//4 680//4
f 656//5 643//5 653//5
f 670//2 677//2 663//2
f 682//5 667//5 679//5
f 661//3 648//3 641//3
f 670//4 643//4 650//4
f 685//2 686//2 684//2
f 688//3 685//3 684//3
f 686//1 688//1 684//1
f 693//2 694//2 692//2
f 696//3 693//3 692//3
f 699//6 693//6 697//6
f 703//5 700//5 702//5
f 709//5 706//5 708//5
f 709//6 704//6 707//6
f 714//3 711//3 710//3
f 712//1 714//1 710//1
f 722//3 719//3 718//3
f 725//6 719//6 723//6
f 729//4 726//4 727//4
f 733//4 730//4 731//4
f 710//3 689//3 688//3
f 713//4 690//4 691//4
f 690//1 710//1 688//1
f 718//3 697//3 696//3
f 721//4 698//4 699//4
f 721//6 697//6 719//6
f 701//5 690//5 700//5
f 713//2 726//2 712//2
f 729//5 716//5 728//5
f 707//5 698//5 706//5
f 707//6 695//6 699//6
f 721//2 730//2 720//2
f 733//5 724//5 732//5
f 692//2 687//2 685//2
f 689//3 692//3 685//3
f 708//5 701//5 703//5
f 715//3 718//3 711//3
f 732//4 727//4 730//4
f 706//5 691//5 701//5
f 720//2 727//2 713//2
f 732//5 717//5 729//5
f 711//3 696//3 689//3
f 720//4 691//4 698//4
f 739//5 736//5 738//5
f 739//4 734//4 735//4
f 745//5 742//5 744//5
f 745//4 740//4 741//4
f 744//5 737//5 739//5
f 744//4 735//4 740//4
f 751//5 748//5 750//5
f 751//4 746//4 747//4
f 758//5 755//5 757//5
f 758//4 753//4 754//4
f 758//6 752//6 756//6
f 757//5 749//5 751//5
f 757//4 747//4 753//4
f 638//3 555//3 554//3
f 646//3 559//3 558//3
f 639//3 558//3 555//3
f 686//3 575//3 574//3
f 694//3 579//3 578//3
f 705//6 582//6 704//6
f 687//3 578//3 575//3
f 704//6 579//6 695//6
f 735//4 602//4 603//4
f 741//4 606//4 607//4
f 740//4 603//4 606//4
f 747//4 628//4 629//4
f 754//4 634//4 635//4
f 754//6 633//6 752//6
f 753//4 629//4 634//4
f 737//5 654//5 736//5
f 743//5 658//5 742//5
f 742//5 655//5 737//5
f 615//6 569//6 571//6
f 633//6 581//6 583//6
f 630//6 571//6 581//6
f 749//5 702//5 748//5
f 756//5 708//5 755//5
f 756//6 705//6 709//6
f 755//5 703//5 749//5
f 551//3 560//3 549//3
f 559//3 572//3 557//3
f 557//3 562//3 551//3
f 610//4 589//4 608//4
f 620//5 597//5 599//5
f 628//4 605//4 626//4
f 618//5 589//5 597//5
f 626//4 591//4 610//4
f 651//3 686//3 647//3
f 702//5 657//5 659//5
f 675//3 712//3 671//3
f 728//4 681//4 726//4
f 700//5 651//5 657//5
f 712//2 681//2 671//2
f 728//5 675//5 683//5
f 750//5 743//5 745//5
f 750//4 741//4 746//4
f 748//5 659//5 743//5
f 647//3 574//3 559//3
f 746//4 607//4 628//4
f 752//6 583//6 705//6
f 761//3 760//3 759//3
f 766//4 763//4 764//4
f 760//2 763//2 759//2
f 766//5 761//5 765//5
f 766//6 760//6 762//6
f 544//3 499//3 498//3
f 548//3 503//3 502//3
f 545//3 502//3 499//3
f 560//3 519//3 518//3
f 564//3 523//3 522//3
f 569//6 526//6 568//6
f 561//3 522//3 519//3
f 568//6 523//6 565//6
f 614//6 538//6 612//6
f 625//6 542//6 623//6
f 623//6 539//6 614//6
f 549//3 518//3 503//3
f 612//6 527//6 569//6
f 725//3 759//3 721//3
f 765//4 731//4 763//4
f 759//2 731//2 721//2
f 765//5 725//5 733//5
f 770//1 771//1 769//1
f 768//1 769//1 767//1
f 775//1 776//1 774//1
f 779//1 780//1 778//1
f 783//1 784//1 782//1
f 787//1 788//1 786//1
f 777//1 782//1 776//1
f 781//1 786//1 780//1
f 778//1 777//1 775//1
f 786//1 785//1 783//1
f 780//1 783//1 777//1
f 772//1 774//1 771//1
f 773//1 775//1 772//1
f 790//1 789//1 787//1
f 793//2 794//2 792//2
f 797//2 798//2 796//2
f 803//4 800//4 801//4
f 807//4 804//4 805//4
f 801//4 794//4 795//4
f 805//4 798//4 799//4
f 803//2 808//2 802//2
f 807//2 810//2 806//2
f 796//2 795//2 793//2
f 806//4 801//4 804//4
f 806//2 809//2 803//2
f 804//4 795//4 798//4
f 813//2 814//2 812//2
f 817//2 818//2 816//2
f 823//4 820//4 821//4
f 827//4 824//4 825//4
f 821//4 814//4 815//4
f 825//4 818//4 819//4
f 823//2 828//2 822//2
f 827//2 830//2 826//2
f 816//2 815//2 813//2
f 826//4 821//4 824//4
f 826//2 829//2 823//2
f 824//4 815//4 818//4
f 833//2 834//2 832//2
f 837//4 834//4 835//4
f 839//2 840//2 838//2
f 843//4 840//4 841//4
f 849//5 846//5 848//5
f 855//5 852//5 854//5
f 845//4 836//4 837//4
f 851//4 842//4 843//4
f 838//2 835//2 833//2
f 842//4 835//4 840//4
f 854//5 847//5 849//5
f 850//4 837//4 842//4
f 857//2 858//2 856//2
f 861//4 858//4 859//4
f 863//2 864//2 862//2
f 867//4 864//4 865//4
f 869//4 860//4 861//4
f 874//4 866//4 867//4
f 862//2 859//2 857//2
f 866//4 859//4 864//4
f 873//4 861//4 866//4
f 880//4 877//4 878//4
f 884//4 881//4 882//4
f 883//4 878//4 881//4
f 888//4 885//4 886//4
f 892//4 889//4 890//4
f 891//4 886//4 889//4
f 833//4 808//4 809//4
f 839//4 810//4 811//4
f 838//4 809//4 810//4
f 857//4 828//4 829//4
f 863//4 830//4 831//4
f 862//4 829//4 830//4
f 845//2 877//2 844//2
f 880//5 848//5 879//5
f 851//2 881//2 850//2
f 884//5 854//5 883//5
f 850//2 878//2 845//2
f 883//5 849//5 880//5
f 869//2 885//2 868//2
f 888//5 871//5 887//5
f 874//2 889//2 873//2
f 892//5 875//5 891//5
f 873//2 886//2 869//2
f 891//5 872//5 888//5
f 812//2 799//2 797//2
f 822//4 805//4 820//4
f 822//2 811//2 807//2
f 820//4 799//4 814//4
f 856//2 841//2 839//2
f 860//4 841//4 858//4
f 871//5 853//5 855//5
f 868//4 843//4 860//4
f 887//4 882//4 885//4
f 868//2 882//2 851//2
f 887//5 855//5 884//5
f 856//4 811//4 828//4
f 894//1 895//1 893//1
f 898//1 899//1 897//1
f 902//1 903//1 901//1
f 906//1 907//1 905//1
f 896//1 901//1 895//1
f 900//1 905//1 899//1
f 897//1 896//1 894//1
f 905//1 904//1 902//1
f 899//1 902//1 896//1
f 910//1 911//1 909//1
f 914//1 915//1 913//1
f 918//1 919//1 917//1
f 922//1 923//1 921//1
f 912//1 917//1 911//1
f 916//1 921//1 915//1
f 913//1 912//1 910//1
f 921//1 920//1 918//1
f 915//1 918//1 912//1
f 909//1 900//1 898//1
f 917//1 908//1 906//1
f 911//1 906//1 900//1
f 926//2 927//2 925//2
f 930//2 931//2 929//2
f 936//5 933//5 935//5
f 940//5 937//5 939//5
f 944//5 941//5 943//5
f 948//5 945//5 947//5
f 942//5 935//5 941//5
f 946//5 939//5 945//5
f 929//2 928//2 926//2
f 939//5 934//5 936//5
f 947//5 942//5 944//5
f 945//5 936//5 942//5
f 952//5 949//5 951//5
f 954//2 955//2 953//2
f 955//3 952//3 951//3
f 955//6 949//6 953//6
f 960//5 957//5 959//5
f 962//2 963//2 961//2
f 963//3 960//3 959//3
f 971//5 968//5 970//5
f 971//4 966//4 967//4
f 977//5 974//5 976//5
f 977//4 972//4 973//4
f 980//3 979//3 978//3
f 986//3 985//3 984//3
f 994//4 990//4 991//4
f 995//6 990//6 993//6
f 999//4 996//4 997//4
f 978//3 954//3 953//3
f 984//3 962//3 961//3
f 991//4 968//4 969//4
f 992//6 968//6 990//6
f 997//4 974//4 975//4
f 994//5 982//5 993//5
f 999//5 988//5 998//5
f 959//5 950//5 952//5
f 961//2 956//2 954//2
f 956//3 959//3 952//3
f 976//5 969//5 971//5
f 976//4 967//4 972//4
f 981//3 984//3 979//3
f 998//4 991//4 996//4
f 998//5 983//5 994//5
f 979//3 961//3 954//3
f 996//4 969//4 974//4
f 1001//2 1002//2 1000//2
f 1005//2 1006//2 1004//2
f 1009//2 1010//2 1008//2
f 1013//4 1010//4 1011//4
f 1015//2 1016//2 1014//2
f 1019//4 1016//4 1017//4
f 1023//5 1020//5 1022//5
f 1027//5 1024//5 1026//5
f 1033//5 1030//5 1032//5
f 1033//4 1028//4 1029//4
f 1039//5 1036//5 1038//5
f 1039//4 1034//4 1035//4
f 1029//4 1012//4 1013//4
f 1035//4 1018//4 1019//4
f 1003//2 1008//2 1002//2
f 1031//5 1022//5 1030//5
f 1007//2 1014//2 1006//2
f 1037//5 1026//5 1036//5
f 1004//2 1003//2 1001//2
f 1014//2 1011//2 1009//2
f 1018//4 1011//4 1016//4
f 1026//5 1021//5 1023//5
f 1038//5 1031//5 1033//5
f 1038//4 1029//4 1034//4
f 1006//2 1009//2 1003//2
f 1036//5 1023//5 1031//5
f 1034//4 1013//4 1018//4
f 1043//6 1040//6 1042//6
f 1047//6 1044//6 1046//6
f 1051//6 1048//6 1050//6
f 1055//6 1052//6 1054//6
f 1049//6 1042//6 1048//6
f 1053//6 1046//6 1052//6
f 1046//6 1041//6 1043//6
f 1054//6 1049//6 1051//6
f 1052//6 1043//6 1049//6
f 1059//5 1056//5 1058//5
f 1063//5 1060//5 1062//5
f 1062//5 1057//5 1059//5
f 1056//3 981//3 980//3
f 1059//4 982//4 983//4
f 982//1 1056//1 980//1
f 1060//3 987//3 986//3
f 1063//4 988//4 989//4
f 1057//3 986//3 981//3
f 1062//4 983//4 988//4
f 928//2 1000//2 927//2
f 1021//5 943//5 1020//5
f 932//2 1004//2 931//2
f 1025//5 947//5 1024//5
f 931//2 1001//2 928//2
f 1024//5 944//5 1021//5
f 1042//6 966//6 970//6
f 1050//6 992//6 995//6
f 1048//6 970//6 992//6
f 965//2 932//2 930//2
f 982//5 938//5 940//5
f 995//5 946//5 948//5
f 993//5 940//5 946//5
f 1040//2 1007//2 1005//2
f 1044//2 1017//2 1015//2
f 1047//4 1017//4 1045//4
f 1051//5 1025//5 1027//5
f 1055//5 1037//5 1039//5
f 1055//4 1035//4 1053//4
f 1041//2 1015//2 1007//2
f 1054//5 1027//5 1037//5
f 1053//4 1019//4 1047//4
f 966//2 1005//2 932//2
f 1050//5 948//5 1025//5
f 785//1 893//1 784//1
f 788//1 894//1 785//1
f 926//4 846//4 847//4
f 930//4 852//4 853//4
f 929//4 847//4 852//4
f 967//4 871//4 872//4
f 871//1 965//1 870//1
f 973//4 875//4 876//4
f 972//4 872//4 875//4
f 965//4 853//4 870//4
f 792//2 768//2 767//2
f 802//4 770//4 800//4
f 802//2 773//2 772//2
f 800//4 768//4 794//4
f 832//2 779//2 778//2
f 836//4 779//4 834//4
f 848//5 788//5 789//5
f 844//4 781//4 836//4
f 879//4 790//4 877//4
f 844//2 790//2 787//2
f 879//5 789//5 791//5
f 832//4 773//4 808//4
f 925//2 898//2 897//2
f 935//5 903//5 904//5
f 943//5 907//5 908//5
f 941//5 904//5 907//5
f 1000//2 910//2 909//2
f 1008//2 914//2 913//2
f 1012//4 914//4 1010//4
f 1022//5 919//5 920//5
f 1032//5 923//5 924//5
f 1032//4 922//4 1028//4
f 1002//2 913//2 910//2
f 1030//5 920//5 923//5
f 1028//4 916//4 1012//4
f 927//2 909//2 898//2
f 1020//5 908//5 919//5
f 925//4 788//4 846//4
f 1065//2 1066//2 1064//2
f 1069//2 1070//2 1068//2
f 1075//4 1072//4 1073//4
f 1079//4 1076//4 1077//4
f 1073//4 1066//4 1067//4
f 1077//4 1070//4 1071//4
f 1075//2 1080//2 1074//2
f 1079//2 1082//2 1078//2
f 1068//2 1067//2 1065//2
f 1078//4 1073//4 1076//4
f 1078//2 1081//2 1075//2
f 1076//4 1067//4 1070//4
f 1085//2 1086//2 1084//2
f 1089//2 1090//2 1088//2
f 1095//4 1092//4 1093//4
f 1101//4 1097//4 1098//4
f 1101//6 1096//6 1099//6
f 1093//4 1086//4 1087//4
f 1098//4 1090//4 1091//4
f 1098//6 1089//6 1096//6
f 1095//2 1102//2 1094//2
f 1101//2 1104//2 1100//2
f 1088//2 1087//2 1085//2
f 1100//4 1093//4 1097//4
f 1100//2 1103//2 1095//2
f 1097//4 1087//4 1090//4
f 1107//2 1108//2 1106//2
f 1111//4 1108//4 1109//4
f 1113//2 1114//2 1112//2
f 1117//4 1114//4 1115//4
f 1119//4 1110//4 1111//4
f 1123//4 1116//4 1117//4
f 1112//2 1109//2 1107//2
f 1116//4 1109//4 1114//4
f 1122//4 1111//4 1116//4
f 1129//6 1126//6 1128//6
f 1131//2 1132//2 1130//2
f 1135//4 1132//4 1133//4
f 1137//2 1138//2 1136//2
f 1142//4 1138//4 1139//4
f 1142//6 1137//6 1140//6
f 1146//6 1143//6 1145//6
f 1156//6 1151//6 1154//6
f 1144//6 1128//6 1143//6
f 1148//4 1134//4 1135//4
f 1153//4 1141//4 1142//4
f 1153//6 1140//6 1151//6
f 1140//6 1127//6 1129//6
f 1154//6 1144//6 1146//6
f 1136//2 1133//2 1131//2
f 1141//4 1133//4 1138//4
f 1152//4 1135//4 1141//4
f 1151//6 1129//6 1144//6
f 1160//4 1157//4 1158//4
f 1164//4 1161//4 1162//4
f 1163//4 1158//4 1161//4
f 1168//4 1165//4 1166//4
f 1172//4 1169//4 1170//4
f 1171//4 1166//4 1169//4
f 1107//4 1080//4 1081//4
f 1113//4 1082//4 1083//4
f 1112//4 1081//4 1082//4
f 1127//6 1099//6 1126//6
f 1131//4 1102//4 1103//4
f 1137//4 1104//4 1105//4
f 1136//4 1103//4 1104//4
f 1137//6 1101//6 1127//6
f 1119//2 1157//2 1118//2
f 1160//5 1120//5 1159//5
f 1123//2 1161//2 1122//2
f 1164//5 1124//5 1163//5
f 1122//2 1158//2 1119//2
f 1163//5 1121//5 1160//5
f 1148//2 1165//2 1147//2
f 1168//5 1149//5 1167//5
f 1153//2 1169//2 1152//2
f 1172//5 1155//5 1171//5
f 1172//6 1153//6 1156//6
f 1152//2 1166//2 1148//2
f 1171//5 1150//5 1168//5
f 1084//2 1071//2 1069//2
f 1094//4 1077//4 1092//4
f 1094//2 1083//2 1079//2
f 1092//4 1071//4 1086//4
f 1130//2 1115//2 1113//2
f 1134//4 1115//4 1132//4
f 1147//4 1117//4 1134//4
f 1167//4 1162//4 1165//4
f 1147//2 1162//2 1123//2
f 1167//5 1125//5 1164//5
f 1130//4 1083//4 1102//4
f 1176//5 1173//5 1175//5
f 1178//2 1179//2 1177//2
f 1179//3 1176//3 1175//3
f 1184//5 1181//5 1183//5
f 1186//2 1187//2 1185//2
f 1187//3 1184//3 1183//3
f 1194//5 1191//5 1193//5
f 1194//4 1189//4 1190//4
f 1200//5 1197//5 1199//5
f 1200//4 1195//4 1196//4
f 1203//3 1202//3 1201//3
f 1209//3 1208//3 1207//3
f 1216//4 1213//4 1214//4
f 1220//4 1217//4 1218//4
f 1201//3 1178//3 1177//3
f 1207//3 1186//3 1185//3
f 1214//4 1191//4 1192//4
f 1218//4 1197//4 1198//4
f 1216//5 1205//5 1215//5
f 1220//5 1211//5 1219//5
f 1183//5 1174//5 1176//5
f 1185//2 1180//2 1178//2
f 1180//3 1183//3 1176//3
f 1199//5 1192//5 1194//5
f 1199//4 1190//4 1195//4
f 1204//3 1207//3 1202//3
f 1219//4 1214//4 1217//4
f 1219//5 1206//5 1216//5
f 1202//3 1185//3 1178//3
f 1217//4 1192//4 1197//4
f 1224//5 1221//5 1223//5
f 1226//2 1227//2 1225//2
f 1227//3 1224//3 1223//3
f 1232//5 1229//5 1231//5
f 1234//2 1235//2 1233//2
f 1235//3 1232//3 1231//3
f 1242//5 1239//5 1241//5
f 1242//4 1237//4 1238//4
f 1249//5 1246//5 1248//5
f 1249//4 1244//4 1245//4
f 1249//6 1243//6 1247//6
f 1252//3 1251//3 1250//3
f 1259//3 1257//3 1256//3
f 1262//6 1257//6 1260//6
f 1266//4 1263//4 1264//4
f 1270//4 1267//4 1268//4
f 1250//3 1226//3 1225//3
f 1256//3 1234//3 1233//3
f 1258//6 1234//6 1257//6
f 1264//4 1239//4 1240//4
f 1268//4 1246//4 1247//4
f 1266//5 1254//5 1265//5
f 1247//6 1232//6 1236//6
f 1270//5 1261//5 1269//5
f 1270//6 1258//6 1262//6
f 1231//5 1222//5 1224//5
f 1233//2 1228//2 1226//2
f 1228//3 1231//3 1224//3
f 1248//5 1240//5 1242//5
f 1248//4 1238//4 1244//4
f 1253//3 1256//3 1251//3
f 1269//4 1264//4 1267//4
f 1269//5 1255//5 1266//5
f 1251//3 1233//3 1226//3
f 1267//4 1240//4 1246//4
f 1268//6 1236//6 1258//6
f 1274//5 1271//5 1273//5
f 1278//5 1275//5 1277//5
f 1277//5 1272//5 1274//5
f 1282//5 1279//5 1281//5
f 1286//5 1283//5 1285//5
f 1285//5 1280//5 1282//5
f 1271//3 1204//3 1203//3
f 1274//4 1205//4 1206//4
f 1275//3 1210//3 1209//3
f 1278//4 1211//4 1212//4
f 1272//3 1209//3 1204//3
f 1277//4 1206//4 1211//4
f 1279//3 1253//3 1252//3
f 1282//4 1254//4 1255//4
f 1283//3 1260//3 1259//3
f 1286//4 1261//4 1262//4
f 1286//6 1260//6 1284//6
f 1280//3 1259//3 1253//3
f 1285//4 1255//4 1261//4
f 1223//5 1182//5 1184//5
f 1225//2 1188//2 1186//2
f 1188//3 1223//3 1184//3
f 1241//5 1198//5 1200//5
f 1241//4 1196//4 1237//4
f 1210//3 1250//3 1208//3
f 1265//4 1218//4 1263//4
f 1265//5 1212//5 1220//5
f 1208//3 1225//3 1186//3
f 1263//4 1198//4 1239//4
f 1281//5 1276//5 1278//5
f 1276//3 1252//3 1210//3
f 1281//4 1212//4 1254//4
f 1190//4 1120//4 1121//4
f 1196//4 1124//4 1125//4
f 1195//4 1121//4 1124//4
f 1232//6 1145//6 1230//6
f 1238//4 1149//4 1150//4
f 1245//4 1155//4 1156//4
f 1245//6 1154//6 1243//6
f 1244//4 1150//4 1155//4
f 1243//6 1146//6 1232//6
f 1237//4 1125//4 1149//4
f 1291//3 1288//3 1287//3
f 1294//4 1289//4 1290//4
f 1289//1 1291//1 1287//1
f 1299//3 1296//3 1295//3
f 1302//4 1297//4 1298//4
f 1297//1 1299//1 1295//1
f 1295//3 1292//3 1291//3
f 1298//4 1293//4 1294//4
f 1293//1 1295//1 1291//1
f 1307//3 1304//3 1303//3
f 1310//4 1305//4 1306//4
f 1305//1 1307//1 1303//1
f 1315//3 1312//3 1311//3
f 1318//4 1313//4 1314//4
f 1313//1 1315//1 1311//1
f 1311//3 1308//3 1307//3
f 1314//4 1309//4 1310//4
f 1309//1 1311//1 1307//1
f 1303//3 1300//3 1299//3
f 1306//4 1301//4 1302//4
f 1301//1 1303//1 1299//1
f 1323//3 1320//3 1319//3
f 1326//4 1321//4 1322//4
f 1333//6 1327//6 1331//6
f 1330//1 1332//1 1328//1
f 1339//3 1336//3 1335//3
f 1342//4 1337//4 1338//4
f 1349//6 1343//6 1347//6
f 1346//1 1348//1 1344//1
f 1335//3 1324//3 1323//3
f 1338//4 1325//4 1326//4
f 1345//6 1331//6 1343//6
f 1334//1 1344//1 1332//1
f 1324//3 1327//3 1320//3
f 1333//4 1322//4 1329//4
f 1340//3 1343//3 1336//3
f 1349//4 1338//4 1345//4
f 1336//3 1331//3 1324//3
f 1345//4 1326//4 1333//4
f 1355//3 1352//3 1351//3
f 1358//4 1353//4 1354//4
f 1365//6 1359//6 1363//6
f 1362//1 1364//1 1360//1
f 1371//3 1368//3 1367//3
f 1374//4 1369//4 1370//4
f 1381//6 1375//6 1379//6
f 1378//1 1380//1 1376//1
f 1367//3 1356//3 1355//3
f 1370//4 1357//4 1358//4
f 1377//6 1363//6 1375//6
f 1366//1 1376//1 1364//1
f 1356//3 1359//3 1352//3
f 1365//4 1354//4 1361//4
f 1372//3 1375//3 1368//3
f 1381//4 1370//4 1377//4
f 1368//3 1363//3 1356//3
f 1377//4 1358//4 1365//4
f 1387//3 1384//3 1383//3
f 1390//4 1385//4 1386//4
f 1397//6 1391//6 1395//6
f 1394//1 1396//1 1392//1
f 1403//3 1400//3 1399//3
f 1406//4 1401//4 1402//4
f 1413//6 1407//6 1411//6
f 1410//1 1412//1 1408//1
f 1399//3 1388//3 1387//3
f 1402//4 1389//4 1390//4
f 1409//6 1395//6 1407//6
f 1398//1 1408//1 1396//1
f 1388//3 1391//3 1384//3
f 1397//4 1386//4 1393//4
f 1404//3 1407//3 1400//3
f 1413//4 1402//4 1409//4
f 1400//3 1395//3 1388//3
f 1409//4 1390//4 1397//4
f 1419//3 1416//3 1415//3
f 1422//4 1417//4 1418//4
f 1429//6 1423//6 1427//6
f 1426//1 1428//1 1424//1
f 1435//3 1432//3 1431//3
f 1438//4 1433//4 1434//4
f 1445//6 1439//6 1443//6
f 1442//1 1444//1 1440//1
f 1431//3 1420//3 1419//3
f 1434//4 1421//4 1422//4
f 1441//6 1427//6 1439//6
f 1430//1 1440//1 1428//1
f 1420//3 1423//3 1416//3
f 1429//4 1418//4 1425//4
f 1436//3 1439//3 1432//3
f 1445//4 1434//4 1441//4
f 1432//3 1427//3 1420//3
f 1441//4 1422//4 1429//4
f 1383//3 1340//3 1339//3
f 1386//4 1341//4 1342//4
f 1393//6 1347//6 1391//6
f 1350//1 1392//1 1348//1
f 1384//3 1347//3 1340//3
f 1393//4 1342//4 1349//4
f 1415//3 1372//3 1371//3
f 1418//4 1373//4 1374//4
f 1425//6 1379//6 1423//6
f 1382//1 1424//1 1380//1
f 1416//3 1379//3 1372//3
f 1425//4 1374//4 1381//4
f 1332//3 1351//3 1328//3
f 1357//4 1330//4 1353//4
f 1348//3 1367//3 1344//3
f 1373//4 1346//4 1369//4
f 1344//3 1355//3 1332//3
f 1369//4 1334//4 1357//4
f 1396//3 1415//3 1392//3
f 1421//4 1394//4 1417//4
f 1412//3 1431//3 1408//3
f 1437//4 1410//4 1433//4
f 1408//3 1419//3 1396//3
f 1433//4 1398//4 1421//4
f 1392//3 1371//3 1348//3
f 1417//4 1350//4 1373//4
f 1451//3 1448//3 1447//3
f 1454//4 1449//4 1450//4
f 1449//1 1451//1 1447//1
f 1459//3 1456//3 1455//3
f 1462//4 1457//4 1458//4
f 1457//1 1459//1 1455//1
f 1455//3 1452//3 1451//3
f 1458//4 1453//4 1454//4
f 1453//1 1455//1 1451//1
f 1462//2 1463//2 1461//2
f 1469//3 1466//3 1465//3
f 1472//4 1467//4 1468//4
f 1467//1 1469//1 1465//1
f 1478//5 1475//5 1477//5
f 1475//3 1470//3 1469//3
f 1478//4 1471//4 1472//4
f 1471//1 1475//1 1469//1
f 1474//5 1467//5 1473//5
f 1465//3 1460//3 1459//3
f 1461//1 1465//1 1459//1
f 1474//4 1463//4 1464//4
f 1463//1 1467//1 1461//1
f 1483//3 1480//3 1479//3
f 1486//4 1481//4 1482//4
f 1493//6 1487//6 1491//6
f 1490//1 1492//1 1488//1
f 1499//3 1496//3 1495//3
f 1502//4 1497//4 1498//4
f 1509//6 1503//6 1507//6
f 1506//1 1508//1 1504//1
f 1495//3 1484//3 1483//3
f 1498//4 1485//4 1486//4
f 1505//6 1491//6 1503//6
f 1494//1 1504//1 1492//1
f 1502//2 1511//2 1501//2
f 1510//2 1513//2 1509//2
f 1484//3 1487//3 1480//3
f 1493//4 1482//4 1489//4
f 1500//3 1503//3 1496//3
f 1509//4 1498//4 1505//4
f 1509//2 1512//2 1502//2
f 1496//3 1491//3 1484//3
f 1505//4 1486//4 1493//4
f 1519//3 1516//3 1515//3
f 1522//4 1517//4 1518//4
f 1529//6 1523//6 1527//6
f 1526//1 1528//1 1524//1
f 1535//3 1532//3 1531//3
f 1538//4 1533//4 1534//4
f 1545//6 1539//6 1543//6
f 1542//1 1544//1 1540//1
f 1531//3 1520//3 1519//3
f 1534//4 1521//4 1522//4
f 1541//6 1527//6 1539//6
f 1530//1 1540//1 1528//1
f 1538//2 1547//2 1537//2
f 1546//2 1549//2 1545//2
f 1520//3 1523//3 1516//3
f 1529//4 1518//4 1525//4
f 1536//3 1539//3 1532//3
f 1545//4 1534//4 1541//4
f 1545//2 1548//2 1538//2
f 1532//3 1527//3 1520//3
f 1541//4 1522//4 1529//4
f 1555//3 1552//3 1551//3
f 1558//4 1553//4 1554//4
f 1565//6 1559//6 1563//6
f 1562//1 1564//1 1560//1
f 1574//5 1571//5 1573//5
f 1571//3 1556//3 1555//3
f 1574//4 1557//4 1558//4
f 1577//6 1563//6 1575//6
f 1566//1 1576//1 1564//1
f 1568//5 1553//5 1567//5
f 1570//5 1561//5 1569//5
f 1556//3 1559//3 1552//3
f 1565//4 1554//4 1561//4
f 1577//5 1572//5 1574//5
f 1569//5 1554//5 1568//5
f 1572//3 1563//3 1556//3
f 1577//4 1558//4 1565//4
f 1583//3 1580//3 1579//3
f 1586//4 1581//4 1582//4
f 1593//6 1587//6 1591//6
f 1590//1 1592//1 1588//1
f 1602//5 1599//5 1601//5
f 1599//3 1584//3 1583//3
f 1602//4 1585//4 1586//4
f 1605//6 1591//6 1603//6
f 1594//1 1604//1 1592//1
f 1596//5 1581//5 1595//5
f 1598//5 1589//5 1597//5
f 1584//3 1587//3 1580//3
f 1593//4 1582//4 1589//4
f 1605//5 1600//5 1602//5
f 1597//5 1582//5 1596//5
f 1600//3 1591//3 1584//3
f 1605//4 1586//4 1593//4
f 1551//3 1500//3 1499//3
f 1561//3 1510//3 1509//3
f 1561//6 1507//6 1559//6
f 1510//1 1560//1 1508//1
f 1568//4 1511//4 1512//4
f 1570//4 1513//4 1514//4
f 1552//3 1507//3 1500//3
f 1569//4 1512//4 1513//4
f 1579//3 1536//3 1535//3
f 1589//3 1546//3 1545//3
f 1589//6 1543//6 1587//6
f 1546//1 1588//1 1544//1
f 1596//4 1547//4 1548//4
f 1598//4 1549//4 1550//4
f 1580//3 1543//3 1536//3
f 1597//4 1548//4 1549//4
f 1492//3 1515//3 1488//3
f 1521//4 1490//4 1517//4
f 1508//3 1531//3 1504//3
f 1537//4 1506//4 1533//4
f 1537//2 1514//2 1510//2
f 1504//3 1519//3 1492//3
f 1533//4 1494//4 1521//4
f 1564//3 1579//3 1560//3
f 1585//4 1562//4 1581//4
f 1601//5 1576//5 1578//5
f 1595//5 1562//5 1570//5
f 1576//3 1583//3 1564//3
f 1601//4 1566//4 1585//4
f 1560//3 1535//3 1508//3
f 1595//4 1514//4 1547//4
f 1447//3 1316//3 1315//3
f 1450//4 1317//4 1318//4
f 1317//1 1447//1 1315//1
f 1479//3 1404//3 1403//3
f 1482//4 1405//4 1406//4
f 1489//6 1411//6 1487//6
f 1414//1 1488//1 1412//1
f 1480//3 1411//3 1404//3
f 1489//4 1406//4 1413//4
f 1515//3 1436//3 1435//3
f 1518//4 1437//4 1438//4
f 1525//6 1443//6 1523//6
f 1446//1 1524//1 1444//1
f 1516//3 1443//3 1436//3
f 1525//4 1438//4 1445//4
f 1488//3 1435//3 1412//3
f 1517//4 1414//4 1437//4
f 1292//3 1319//3 1288//3
f 1325//4 1290//4 1321//4
f 1300//3 1335//3 1296//3
f 1341//4 1298//4 1337//4
f 1296//3 1323//3 1292//3
f 1337//4 1294//4 1325//4
f 1308//3 1383//3 1304//3
f 1389//4 1306//4 1385//4
f 1316//3 1399//3 1312//3
f 1405//4 1314//4 1401//4
f 1312//3 1387//3 1308//3
f 1401//4 1310//4 1389//4
f 1304//3 1339//3 1300//3
f 1385//4 1302//4 1341//4
f 1452//3 1479//3 1448//3
f 1485//4 1450//4 1481//4
f 1460//3 1495//3 1456//3
f 1501//4 1458//4 1497//4
f 1501//2 1464//2 1462//2
f 1456//3 1483//3 1452//3
f 1497//4 1454//4 1485//4
f 1470//3 1551//3 1466//3
f 1557//4 1468//4 1553//4
f 1573//5 1476//5 1478//5
f 1567//5 1468//5 1474//5
f 1476//3 1555//3 1470//3
f 1573//4 1472//4 1557//4
f 1466//3 1499//3 1460//3
f 1567//4 1464//4 1511//4
f 1448//3 1403//3 1316//3
f 1481//4 1318//4 1405//4
f 1611//3 1608//3 1607//3
f 1614//4 1609//4 1610//4
f 1619//3 1616//3 1615//3
f 1622//4 1617//4 1618//4
f 1622//6 1616//6 1620//6
f 1627//3 1624//3 1623//3
f 1630//4 1625//4 1626//4
f 1635//3 1632//3 1631//3
f 1638//4 1633//4 1634//4
f 1638//6 1632//6 1636//6
f 1623//3 1612//3 1611//3
f 1626//4 1613//4 1614//4
f 1631//3 1620//3 1619//3
f 1634//4 1621//4 1622//4
f 1634//6 1620//6 1632//6
f 1612//3 1615//3 1608//3
f 1621//4 1610//4 1617//4
f 1628//3 1631//3 1624//3
f 1637//4 1626//4 1633//4
f 1624//3 1619//3 1612//3
f 1633//4 1614//4 1621//4
f 1643//3 1640//3 1639//3
f 1646//4 1641//4 1642//4
f 1641//1 1643//1 1639//1
f 1651//3 1648//3 1647//3
f 1654//4 1649//4 1650//4
f 1654//6 1648//6 1652//6
f 1659//3 1656//3 1655//3
f 1662//4 1657//4 1658//4
f 1657//1 1659//1 1655//1
f 1667//3 1664//3 1663//3
f 1670//4 1665//4 1666//4
f 1670//6 1664//6 1668//6
f 1655//3 1644//3 1643//3
f 1658//4 1645//4 1646//4
f 1645//1 1655//1 1643//1
f 1663//3 1652//3 1651//3
f 1666//4 1653//4 1654//4
f 1666//6 1652//6 1664//6
f 1644//3 1647//3 1640//3
f 1653//4 1642//4 1649//4
f 1660//3 1663//3 1656//3
f 1669//4 1658//4 1665//4
f 1656//3 1651//3 1644//3
f 1665//4 1646//4 1653//4
f 1675//3 1672//3 1671//3
f 1678//4 1673//4 1674//4
f 1683//3 1680//3 1679//3
f 1686//4 1681//4 1682//4
f 1686//6 1680//6 1684//6
f 1691//3 1688//3 1687//3
f 1694//4 1689//4 1690//4
f 1699//3 1696//3 1695//3
f 1702//4 1697//4 1698//4
f 1702//6 1696//6 1700//6
f 1687//3 1676//3 1675//3
f 1690//4 1677//4 1678//4
f 1695//3 1684//3 1683//3
f 1698//4 1685//4 1686//4
f 1698//6 1684//6 1696//6
f 1676//3 1679//3 1672//3
f 1685//4 1674//4 1681//4
f 1692//3 1695//3 1688//3
f 1701//4 1690//4 1697//4
f 1688//3 1683//3 1676//3
f 1697//4 1678//4 1685//4
f 1707//3 1704//3 1703//3
f 1710//4 1705//4 1706//4
f 1705//1 1707//1 1703//1
f 1715//3 1712//3 1711//3
f 1718//4 1713//4 1714//4
f 1718//6 1712//6 1716//6
f 1723//3 1720//3 1719//3
f 1726//4 1721//4 1722//4
f 1721//1 1723//1 1719//1
f 1731//3 1728//3 1727//3
f 1734//4 1729//4 1730//4
f 1734//6 1728//6 1732//6
f 1719//3 1708//3 1707//3
f 1722//4 1709//4 1710//4
f 1709//1 1719//1 1707//1
f 1727//3 1716//3 1715//3
f 1730//4 1717//4 1718//4
f 1730//6 1716//6 1728//6
f 1708//3 1711//3 1704//3
f 1717//4 1706//4 1713//4
f 1724//3 1727//3 1720//3
f 1733//4 1722//4 1729//4
f 1720//3 1715//3 1708//3
f 1729//4 1710//4 1717//4
f 1671//3 1628//3 1627//3
f 1674//4 1629//4 1630//4
f 1679//3 1636//3 1635//3
f 1682//4 1637//4 1638//4
f 1682//6 1636//6 1680//6
f 1672//3 1635//3 1628//3
f 1681//4 1630//4 1637//4
f 1703//3 1660//3 1659//3
f 1706//4 1661//4 1662//4
f 1661//1 1703//1 1659//1
f 1711//3 1668//3 1667//3
f 1714//4 1669//4 1670//4
f 1714//6 1668//6 1712//6
f 1704//3 1667//3 1660//3
f 1713//4 1662//4 1669//4
f 1739//3 1736//3 1735//3
f 1742//4 1737//4 1738//4
f 1747//3 1744//3 1743//3
f 1750//4 1745//4 1746//4
f 1750//6 1744//6 1748//6
f 1755//3 1752//3 1751//3
f 1758//4 1753//4 1754//4
f 1763//3 1760//3 1759//3
f 1766//4 1761//4 1762//4
f 1766//6 1760//6 1764//6
f 1751//3 1740//3 1739//3
f 1754//4 1741//4 1742//4
f 1759//3 1748//3 1747//3
f 1762//4 1749//4 1750//4
f 1762//6 1748//6 1760//6
f 1758//2 1767//2 1757//2
f 1766//2 1769//2 1765//2
f 1740//3 1743//3 1736//3
f 1749//4 1738//4 1745//4
f 1756//3 1759//3 1752//3
f 1765//4 1754//4 1761//4
f 1765//2 1768//2 1758//2
f 1752//3 1747//3 1740//3
f 1761//4 1742//4 1749//4
f 1775//3 1772//3 1771//3
f 1778//4 1773//4 1774//4
f 1773//1 1775//1 1771//1
f 1783//3 1780//3 1779//3
f 1786//4 1781//4 1782//4
f 1786//6 1780//6 1784//6
f 1791//3 1788//3 1787//3
f 1794//4 1789//4 1790//4
f 1789//1 1791//1 1787//1
f 1799//3 1796//3 1795//3
f 1802//4 1797//4 1798//4
f 1802//6 1796//6 1800//6
f 1787//3 1776//3 1775//3
f 1790//4 1777//4 1778//4
f 1777//1 1787//1 1775//1
f 1795//3 1784//3 1783//3
f 1798//4 1785//4 1786//4
f 1798//6 1784//6 1796//6
f 1794//2 1803//2 1793//2
f 1802//2 1805//2 1801//2
f 1776//3 1779//3 1772//3
f 1785//4 1774//4 1781//4
f 1792//3 1795//3 1788//3
f 1801//4 1790//4 1797//4
f 1801//2 1804//2 1794//2
f 1788//3 1783//3 1776//3
f 1797//4 1778//4 1785//4
f 1811//3 1808//3 1807//3
f 1814//4 1809//4 1810//4
f 1819//3 1816//3 1815//3
f 1822//4 1817//4 1818//4
f 1822//6 1816//6 1820//6
f 1830//5 1827//5 1829//5
f 1834//5 1831//5 1833//5
f 1827//3 1812//3 1811//3
f 1830//4 1813//4 1814//4
f 1831//3 1820//3 1819//3
f 1834//4 1821//4 1822//4
f 1834//6 1820//6 1832//6
f 1824//5 1809//5 1823//5
f 1826//5 1817//5 1825//5
f 1812//3 1815//3 1808//3
f 1821//4 1810//4 1817//4
f 1833//5 1828//5 1830//5
f 1825//5 1810//5 1824//5
f 1828//3 1819//3 1812//3
f 1833//4 1814//4 1821//4
f 1839//3 1836//3 1835//3
f 1842//4 1837//4 1838//4
f 1837//1 1839//1 1835//1
f 1847//3 1844//3 1843//3
f 1850//4 1845//4 1846//4
f 1850//6 1844//6 1848//6
f 1858//5 1855//5 1857//5
f 1862//5 1859//5 1861//5
f 1855//3 1840//3 1839//3
f 1858//4 1841//4 1842//4
f 1841//1 1855//1 1839//1
f 1859//3 1848//3 1847//3
f 1862//4 1849//4 1850//4
f 1862//6 1848//6 1860//6
f 1852//5 1837//5 1851//5
f 1854//5 1845//5 1853//5
f 1840//3 1843//3 1836//3
f 1849//4 1838//4 1845//4
f 1861//5 1856//5 1858//5
f 1853//5 1838//5 1852//5
f 1856//3 1847//3 1840//3
f 1861//4 1842//4 1849//4
f 1807//3 1756//3 1755//3
f 1815//3 1764//3 1763//3
f 1818//6 1764//6 1816//6
f 1824//4 1767//4 1768//4
f 1826//4 1769//4 1770//4
f 1808//3 1763//3 1756//3
f 1825//4 1768//4 1769//4
f 1835//3 1792//3 1791//3
f 1793//1 1835//1 1791//1
f 1843//3 1800//3 1799//3
f 1846//6 1800//6 1844//6
f 1852//4 1803//4 1804//4
f 1854//4 1805//4 1806//4
f 1836//3 1799//3 1792//3
f 1853//4 1804//4 1805//4
f 1793//2 1770//2 1766//2
f 1851//5 1818//5 1826//5
f 1818//3 1793//3 1766//3
f 1851//4 1770//4 1803//4
f 1864//2 1865//2 1863//2
f 1870//5 1867//5 1869//5
f 1867//3 1864//3 1863//3
f 1870//4 1865//4 1866//4
f 1870//6 1864//6 1868//6
f 1735//3 1692//3 1691//3
f 1738//4 1693//4 1694//4
f 1743//3 1700//3 1699//3
f 1746//4 1701//4 1702//4
f 1746//6 1700//6 1744//6
f 1736//3 1699//3 1692//3
f 1745//4 1694//4 1701//4
f 1771//3 1724//3 1723//3
f 1774//4 1725//4 1726//4
f 1725//1 1771//1 1723//1
f 1779//3 1732//3 1731//3
f 1782//4 1733//4 1734//4
f 1782//6 1732//6 1780//6
f 1772//3 1731//3 1724//3
f 1781//4 1726//4 1733//4
f 1863//2 1806//2 1802//2
f 1869//5 1846//5 1854//5
f 1846//3 1863//3 1802//3
f 1869//4 1806//4 1865//4
f 1287//3 199//3 198//3
f 1290//4 200//4 201//4
f 200//1 1287//1 198//1
f 1319//3 313//3 312//3
f 1322//4 314//4 315//4
f 1329//6 320//6 1327//6
f 323//1 1328//1 321//1
f 1320//3 320//3 313//3
f 1329//4 315//4 322//4
f 1351//3 361//3 360//3
f 1354//4 362//4 363//4
f 1361//6 368//6 1359//6
f 371//1 1360//1 369//1
f 1352//3 368//3 361//3
f 1361//4 363//4 370//4
f 1328//3 360//3 321//3
f 1353//4 323//4 362//4
f 1288//3 312//3 199//3
f 1321//4 201//4 314//4
f 1607//3 665//3 664//3
f 1610//4 666//4 667//4
f 1615//3 673//3 672//3
f 1618//4 674//4 675//4
f 1618//6 673//6 1616//6
f 1608//3 672//3 665//3
f 1617//4 667//4 674//4
f 1639//3 715//3 714//3
f 1642//4 716//4 717//4
f 716//1 1639//1 714//1
f 1647//3 723//3 722//3
f 1650//4 724//4 725//4
f 1650//6 723//6 1648//6
f 1640//3 722//3 715//3
f 1649//4 717//4 724//4
f 769//1 21//1 19//1
f 767//1 19//1 13//1
f 774//1 41//1 39//1
f 782//1 49//1 47//1
f 776//1 47//1 41//1
f 771//1 39//1 21//1
f 893//1 173//1 171//1
f 901//1 181//1 179//1
f 895//1 179//1 173//1
f 101//2 792//2 100//2
f 105//2 796//2 104//2
f 104//2 793//2 101//2
f 117//2 812//2 116//2
f 121//2 816//2 120//2
f 120//2 813//2 117//2
f 116//2 797//2 105//2
f 934//5 248//5 933//5
f 938//5 252//5 937//5
f 937//5 249//5 934//5
f 950//5 264//5 949//5
f 953//6 264//6 267//6
f 980//6 281//6 283//6
f 958//5 270//5 957//5
f 957//5 265//5 950//5
f 978//6 267//6 281//6
f 980//5 253//5 938//5
f 100//2 767//2 13//2
f 933//5 181//5 903//5
f 784//1 171//1 49//1
f 459//2 1064//2 458//2
f 463//2 1068//2 462//2
f 462//2 1065//2 459//2
f 475//2 1084//2 474//2
f 479//2 1088//2 478//2
f 1099//6 485//6 487//6
f 478//2 1085//2 475//2
f 1096//6 479//6 485//6
f 1128//6 533//6 535//6
f 1145//6 541//6 543//6
f 1143//6 535//6 541//6
f 474//2 1069//2 463//2
f 1126//6 487//6 533//6
f 1174//5 594//5 1173//5
f 1182//5 598//5 1181//5
f 1181//5 595//5 1174//5
f 1222//5 620//5 1221//5
f 1230//5 624//5 1229//5
f 1229//5 621//5 1222//5
f 1221//5 599//5 1182//5
f 1230//6 543//6 625//6
f 408//2 81//2 79//2
f 89//3 416//3 87//3
f 404//2 79//2 73//2
f 87//3 404//3 73//3
f 448//2 113//2 111//2
f 456//2 121//2 119//2
f 450//2 119//2 113//2
f 145//3 488//3 143//3
f 153//3 496//3 151//3
f 151//3 490//3 145//3
f 410//2 111//2 81//2
f 143//3 418//3 89//3
f 233//3 544//3 231//3
f 241//3 552//3 239//3
f 239//3 546//3 233//3
f 586//4 259//4 584//4
f 594//5 269//5 271//5
f 602//4 277//4 600//4
f 592//5 259//5 269//5
f 600//4 261//4 586//4
f 636//2 343//2 341//2
f 345//3 636//3 341//3
f 654//5 353//5 355//5
f 369//3 660//3 365//3
f 678//4 377//4 676//4
f 652//5 347//5 353//5
f 662//2 377//2 367//2
f 678//5 371//5 379//5
f 365//3 640//3 345//3
f 662//4 347//4 642//4
f 738//5 401//5 403//5
f 738//4 399//4 734//4
f 736//5 355//5 401//5
f 343//3 554//3 241//3
f 734//4 279//4 602//4
f 231//3 498//3 153//3
f 1064//2 819//2 817//2
f 1074//4 825//4 1072//4
f 1074//2 831//2 827//2
f 1072//4 819//4 1066//4
f 1106//2 865//2 863//2
f 1110//4 865//4 1108//4
f 1118//4 867//4 1110//4
f 1159//4 890//4 1157//4
f 1118//2 890//2 874//2
f 1159//5 876//5 892//5
f 1106//4 831//4 1080//4
f 1175//5 958//5 960//5
f 1177//2 964//2 962//2
f 964//3 1175//3 960//3
f 1193//5 975//5 977//5
f 1193//4 973//4 1189//4
f 987//3 1201//3 985//3
f 1215//4 997//4 1213//4
f 1215//5 989//5 999//5
f 985//3 1177//3 962//3
f 1213//4 975//4 1191//4
f 1273//5 1061//5 1063//5
f 1061//3 1203//3 987//3
f 1273//4 989//4 1205//4
f 1189//4 876//4 1120//4
f 1364//3 1607//3 1360//3
f 1613//4 1362//4 1609//4
f 1380//3 1623//3 1376//3
f 1629//4 1378//4 1625//4
f 1376//3 1611//3 1364//3
f 1625//4 1366//4 1613//4
f 1428//3 1671//3 1424//3
f 1677//4 1426//4 1673//4
f 1444//3 1687//3 1440//3
f 1693//4 1442//4 1689//4
f 1440//3 1675//3 1428//3
f 1689//4 1430//4 1677//4
f 1424//3 1627//3 1380//3
f 1673//4 1382//4 1629//4
f 1528//3 1735//3 1524//3
f 1741//4 1526//4 1737//4
f 1544//3 1751//3 1540//3
f 1757//4 1542//4 1753//4
f 1757//2 1550//2 1546//2
f 1540//3 1739//3 1528//3
f 1753//4 1530//4 1741//4
f 1592//3 1807//3 1588//3
f 1813//4 1590//4 1809//4
f 1829//5 1604//5 1606//5
f 1823//5 1590//5 1598//5
f 1604//3 1811//3 1592//3
f 1829//4 1594//4 1813//4
f 1588//3 1755//3 1544//3
f 1823//4 1550//4 1767//4
f 1524//3 1691//3 1444//3
f 1737//4 1446//4 1693//4
f 458//2 817//2 121//2
f 1173//5 271//5 958//5
f 1360//3 664//3 369//3
f 1609//4 371//4 666//4
f 7//1 9//1 8//1
f 3//1 7//1 6//1
f 6//1 8//1 5//1
f 2//1 6//1 4//1
f 15//1 17//1 16//1
f 19//1 21//1 20//1
f 11//1 15//1 14//1
f 13//1 19//1 18//1
f 18//1 20//1 17//1
f 12//1 18//1 15//1
f 25//1 27//1 26//1
f 31//1 33//1 32//1
f 27//1 31//1 30//1
f 24//1 26//1 23//1
f 30//1 32//1 29//1
f 26//1 30//1 28//1
f 35//1 37//1 36//1
f 39//1 41//1 40//1
f 43//1 45//1 44//1
f 47//1 49//1 48//1
f 37//1 43//1 42//1
f 41//1 47//1 46//1
f 38//1 40//1 37//1
f 46//1 48//1 45//1
f 40//1 46//1 43//1
f 9//1 25//1 24//1
f 8//1 24//1 22//1
f 17//1 35//1 34//1
f 21//1 39//1 38//1
f 20//1 38//1 35//1
f 14//1 16//1 9//1
f 10//1 14//1 7//1
f 34//1 36//1 27//1
f 42//1 44//1 33//1
f 36//1 42//1 31//1
f 16//1 34//1 25//1
f 55//2 57//2 56//2
f 59//2 61//2 60//2
f 64//3 65//3 63//3
f 68//3 69//3 67//3
f 62//3 63//3 51//3
f 66//3 67//3 53//3
f 51//2 55//2 54//2
f 53//2 59//2 58//2
f 58//2 60//2 57//2
f 65//3 68//3 66//3
f 52//2 58//2 55//2
f 63//3 66//3 52//3
f 75//2 77//2 76//2
f 79//2 81//2 80//2
f 84//3 85//3 83//3
f 88//3 89//3 87//3
f 82//3 83//3 71//3
f 86//3 87//3 73//3
f 71//2 75//2 74//2
f 73//2 79//2 78//2
f 78//2 80//2 77//2
f 85//3 88//3 86//3
f 72//2 78//2 75//2
f 83//3 86//3 72//3
f 91//2 93//2 92//2
f 95//2 97//2 96//2
f 99//2 101//2 100//2
f 103//2 105//2 104//2
f 93//2 99//2 98//2
f 97//2 103//2 102//2
f 94//2 96//2 93//2
f 102//2 104//2 101//2
f 96//2 102//2 99//2
f 107//2 109//2 108//2
f 111//2 113//2 112//2
f 115//2 117//2 116//2
f 119//2 121//2 120//2
f 109//2 115//2 114//2
f 113//2 119//2 118//2
f 110//2 112//2 109//2
f 118//2 120//2 117//2
f 112//2 118//2 115//2
f 124//3 125//3 123//3
f 128//3 129//3 127//3
f 132//3 133//3 131//3
f 136//3 137//3 135//3
f 130//3 131//3 125//3
f 134//3 135//3 129//3
f 125//3 128//3 126//3
f 133//3 136//3 134//3
f 131//3 134//3 128//3
f 140//3 141//3 139//3
f 144//3 145//3 143//3
f 148//3 149//3 147//3
f 152//3 153//3 151//3
f 146//3 147//3 141//3
f 150//3 151//3 145//3
f 141//3 144//3 142//3
f 149//3 152//3 150//3
f 147//3 150//3 144//3
f 122//3 123//3 65//3
f 126//3 127//3 69//3
f 123//3 126//3 68//3
f 138//3 139//3 85//3
f 142//3 143//3 89//3
f 139//3 142//3 88//3
f 57//2 91//2 90//2
f 61//2 95//2 94//2
f 60//2 94//2 91//2
f 77//2 107//2 106//2
f 81//2 111//2 110//2
f 80//2 110//2 107//2
f 74//2 76//2 61//2
f 69//3 84//3 82//3
f 70//2 74//2 59//2
f 67//3 82//3 70//3
f 106//2 108//2 97//2
f 114//2 116//2 105//2
f 108//2 114//2 103//2
f 129//3 140//3 138//3
f 137//3 148//3 146//3
f 135//3 146//3 140//3
f 76//2 106//2 95//2
f 127//3 138//3 84//3
f 157//1 159//1 158//1
f 163//1 165//1 164//1
f 159//1 163//1 162//1
f 156//1 158//1 155//1
f 162//1 164//1 161//1
f 158//1 162//1 160//1
f 167//1 169//1 168//1
f 171//1 173//1 172//1
f 175//1 177//1 176//1
f 179//1 181//1 180//1
f 169//1 175//1 174//1
f 173//1 179//1 178//1
f 170//1 172//1 169//1
f 178//1 180//1 177//1
f 172//1 178//1 175//1
f 183//2 185//2 184//2
f 186//3 187//3 183//3
f 189//4 188//4 184//4
f 184//1 188//1 186//1
f 191//1 193//1 192//1
f 198//3 199//3 195//3
f 196//1 200//1 198//1
f 205//4 204//4 202//4
f 194//3 195//3 187//3
f 197//4 196//4 188//4
f 188//1 196//1 194//1
f 190//1 192//1 189//1
f 197//2 203//2 202//2
f 205//5 201//5 200//5
f 202//1 204//1 200//1
f 207//1 209//1 208//1
f 165//1 191//1 190//1
f 164//1 190//1 185//1
f 177//1 207//1 206//1
f 166//1 168//1 159//1
f 174//1 176//1 165//1
f 168//1 174//1 163//1
f 206//1 208//1 193//1
f 176//1 206//1 191//1
f 212//3 213//3 211//3
f 216//3 217//3 215//3
f 220//3 221//3 219//3
f 224//3 225//3 223//3
f 218//3 219//3 213//3
f 222//3 223//3 217//3
f 213//3 216//3 214//3
f 221//3 224//3 222//3
f 219//3 222//3 216//3
f 228//3 229//3 227//3
f 232//3 233//3 231//3
f 236//3 237//3 235//3
f 240//3 241//3 239//3
f 234//3 235//3 229//3
f 238//3 239//3 233//3
f 229//3 232//3 230//3
f 237//3 240//3 238//3
f 235//3 238//3 232//3
f 249//5 247//5 246//5
f 253//5 251//5 250//5
f 247//5 243//5 242//5
f 251//5 245//5 244//5
f 252//5 250//5 247//5
f 250//5 244//5 243//5
f 257//4 256//4 254//4
f 261//4 260//4 258//4
f 265//5 263//5 262//5
f 267//6 264//6 262//6
f 271//5 269//5 268//5
f 275//4 274//4 272//4
f 279//4 278//4 276//4
f 283//6 281//6 280//6
f 273//4 272//4 256//4
f 277//4 276//4 260//4
f 281//6 267//6 266//6
f 263//5 255//5 254//5
f 266//6 262//6 254//6
f 282//6 280//6 272//6
f 269//5 259//5 258//5
f 260//4 257//4 255//4
f 270//5 268//5 263//5
f 278//4 275//4 273//4
f 268//5 258//5 255//5
f 276//4 273//4 257//4
f 280//6 266//6 256//6
f 285//2 287//2 286//2
f 288//3 289//3 285//3
f 298//3 299//3 295//3
f 298//6 294//6 292//6
f 295//1 299//1 297//1
f 303//5 301//5 300//5
f 307//5 305//5 304//5
f 312//3 313//3 309//3
f 322//3 323//3 319//3
f 322//6 318//6 316//6
f 319//1 323//1 321//1
f 327//4 326//4 324//4
f 331//4 330//4 328//4
f 308//3 309//3 289//3
f 311//4 310//4 290//4
f 318//6 298//6 296//6
f 299//1 319//1 317//1
f 301//5 291//5 290//5
f 311//2 325//2 324//2
f 327//5 315//5 314//5
f 305//5 299//5 298//5
f 319//2 329//2 328//2
f 331//5 323//5 322//5
f 292//2 294//2 287//2
f 289//3 296//3 292//3
f 306//5 304//5 301//5
f 313//3 320//3 316//3
f 330//4 327//4 325//4
f 304//5 298//5 291//5
f 318//2 328//2 325//2
f 330//5 322//5 315//5
f 309//3 316//3 296//3
f 318//4 311//4 291//4
f 333//2 335//2 334//2
f 336//3 337//3 333//3
f 346//3 347//3 343//3
f 346//6 342//6 340//6
f 343//1 347//1 345//1
f 351//5 349//5 348//5
f 355//5 353//5 352//5
f 360//3 361//3 357//3
f 370//3 371//3 367//3
f 370//6 366//6 364//6
f 367//1 371//1 369//1
f 375//4 374//4 372//4
f 379//4 378//4 376//4
f 356//3 357//3 337//3
f 359//4 358//4 338//4
f 366//6 346//6 344//6
f 347//1 367//1 365//1
f 349//5 339//5 338//5
f 359//2 373//2 372//2
f 375//5 363//5 362//5
f 353//5 347//5 346//5
f 367//2 377//2 376//2
f 379//5 371//5 370//5
f 340//2 342//2 335//2
f 337//3 344//3 340//3
f 354//5 352//5 349//5
f 361//3 368//3 364//3
f 378//4 375//4 373//4
f 352//5 346//5 339//5
f 366//2 376//2 373//2
f 378//5 370//5 363//5
f 357//3 364//3 344//3
f 366//4 359//4 339//4
f 385//5 383//5 382//5
f 385//4 384//4 380//4
f 391//5 389//5 388//5
f 391//4 390//4 386//4
f 390//5 388//5 383//5
f 390//4 385//4 381//4
f 397//5 395//5 394//5
f 397//4 396//4 392//4
f 403//5 401//5 400//5
f 403//4 402//4 398//4
f 402//5 400//5 395//5
f 402//4 397//4 393//4
f 286//3 287//3 221//3
f 294//3 295//3 225//3
f 287//3 294//3 224//3
f 334//3 335//3 237//3
f 342//3 343//3 241//3
f 335//3 342//3 240//3
f 381//4 380//4 242//4
f 387//4 386//4 244//4
f 386//4 381//4 243//4
f 393//4 392//4 274//4
f 399//4 398//4 278//4
f 398//4 393//4 275//4
f 383//5 303//5 302//5
f 389//5 307//5 306//5
f 388//5 306//5 303//5
f 395//5 351//5 350//5
f 401//5 355//5 354//5
f 400//5 354//5 351//5
f 217//3 228//3 226//3
f 225//3 236//3 234//3
f 223//3 234//3 228//3
f 283//5 282//5 251//5
f 282//5 274//5 245//5
f 332//2 334//2 295//2
f 297//3 336//3 332//3
f 350//5 348//5 305//5
f 321//3 360//3 356//3
f 374//4 331//4 329//4
f 348//5 338//5 299//5
f 358//2 372//2 329//2
f 374//5 362//5 323//5
f 317//3 356//3 336//3
f 358//4 319//4 299//4
f 396//5 394//5 389//5
f 396//4 391//4 387//4
f 394//5 350//5 307//5
f 295//3 334//3 236//3
f 392//4 387//4 245//4
f 33//1 157//1 156//1
f 32//1 156//1 154//1
f 45//1 167//1 166//1
f 49//1 171//1 170//1
f 48//1 170//1 167//1
f 44//1 166//1 157//1
f 210//3 211//3 133//3
f 214//3 215//3 137//3
f 211//3 214//3 136//3
f 226//3 227//3 149//3
f 230//3 231//3 153//3
f 227//3 230//3 152//3
f 215//3 226//3 148//3
f 54//2 56//2 3//2
f 5//3 64//3 62//3
f 50//2 54//2 2//2
f 4//3 62//3 50//3
f 90//2 92//2 11//2
f 98//2 100//2 13//2
f 92//2 98//2 12//2
f 23//3 124//3 122//3
f 29//3 132//3 130//3
f 28//3 130//3 124//3
f 56//2 90//2 10//2
f 22//3 122//3 64//3
f 155//3 212//3 210//3
f 161//3 220//3 218//3
f 160//3 218//3 212//3
f 248//5 246//5 180//5
f 246//5 242//5 177//5
f 284//2 286//2 185//2
f 187//3 288//3 284//3
f 302//5 300//5 192//5
f 199//3 312//3 308//3
f 326//4 205//4 203//4
f 300//5 290//5 189//5
f 310//2 324//2 203//2
f 326//5 314//5 201//5
f 195//3 308//3 288//3
f 310//4 197//4 189//4
f 384//5 382//5 208//5
f 384//4 209//4 207//4
f 382//5 302//5 193//5
f 185//3 286//3 220//3
f 380//4 207//4 177//4
f 154//3 210//3 132//3
f 409//2 411//2 410//2
f 413//2 415//2 414//2
f 418//3 419//3 417//3
f 422//3 423//3 421//3
f 416//3 417//3 405//3
f 420//3 421//3 407//3
f 405//2 409//2 408//2
f 407//2 413//2 412//2
f 412//2 414//2 411//2
f 419//3 422//3 420//3
f 406//2 412//2 409//2
f 417//3 420//3 406//3
f 429//2 431//2 430//2
f 433//2 435//2 434//2
f 438//3 439//3 437//3
f 442//3 443//3 441//3
f 447//6 445//6 444//6
f 436//3 437//3 425//3
f 440//3 441//3 427//3
f 445//6 435//6 433//6
f 425//2 429//2 428//2
f 427//2 433//2 432//2
f 446//6 444//6 441//6
f 432//2 434//2 431//2
f 439//3 442//3 440//3
f 426//2 432//2 429//2
f 437//3 440//3 426//3
f 444//6 433//6 427//6
f 449//2 451//2 450//2
f 453//2 455//2 454//2
f 457//2 459//2 458//2
f 461//2 463//2 462//2
f 451//2 457//2 456//2
f 455//2 461//2 460//2
f 452//2 454//2 451//2
f 460//2 462//2 459//2
f 454//2 460//2 457//2
f 465//2 467//2 466//2
f 469//2 471//2 470//2
f 473//2 475//2 474//2
f 477//2 479//2 478//2
f 483//6 481//6 480//6
f 487//6 485//6 484//6
f 481//6 471//6 469//6
f 485//6 479//6 477//6
f 467//2 473//2 472//2
f 471//2 477//2 476//2
f 486//6 484//6 481//6
f 468//2 470//2 467//2
f 476//2 478//2 475//2
f 470//2 476//2 473//2
f 484//6 477//6 471//6
f 490//3 491//3 489//3
f 494//3 495//3 493//3
f 498//3 499//3 497//3
f 502//3 503//3 501//3
f 496//3 497//3 491//3
f 500//3 501//3 495//3
f 491//3 494//3 492//3
f 499//3 502//3 500//3
f 497//3 500//3 494//3
f 506//3 507//3 505//3
f 510//3 511//3 509//3
f 515//6 513//6 512//6
f 518//3 519//3 517//3
f 522//3 523//3 521//3
f 527//6 525//6 524//6
f 516//3 517//3 507//3
f 520//3 521//3 511//3
f 525//6 515//6 514//6
f 514//6 512//6 509//6
f 526//6 524//6 521//6
f 507//3 510//3 508//3
f 519//3 522//3 520//3
f 517//3 520//3 510//3
f 524//6 514//6 511//6
f 531//6 529//6 528//6
f 535//6 533//6 532//6
f 539//6 537//6 536//6
f 543//6 541//6 540//6
f 537//6 531//6 530//6
f 541//6 535//6 534//6
f 534//6 532//6 529//6
f 542//6 540//6 537//6
f 540//6 534//6 531//6
f 488//3 489//3 419//3
f 492//3 493//3 423//3
f 489//3 492//3 422//3
f 504//3 505//3 439//3
f 508//3 509//3 443//3
f 513//6 447//6 446//6
f 505//3 508//3 442//3
f 512//6 446//6 443//6
f 529//6 483//6 482//6
f 533//6 487//6 486//6
f 532//6 486//6 483//6
f 411//2 449//2 448//2
f 415//2 453//2 452//2
f 414//2 452//2 449//2
f 431//2 465//2 464//2
f 435//2 469//2 468//2
f 482//6 480//6 445//6
f 434//2 468//2 465//2
f 480//6 469//6 435//6
f 530//6 528//6 513//6
f 538//6 536//6 525//6
f 536//6 530//6 515//6
f 428//2 430//2 415//2
f 423//3 438//3 436//3
f 424//2 428//2 413//2
f 421//3 436//3 424//3
f 464//2 466//2 455//2
f 472//2 474//2 463//2
f 466//2 472//2 461//2
f 495//3 506//3 504//3
f 503//3 518//3 516//3
f 501//3 516//3 506//3
f 430//2 464//2 453//2
f 493//3 504//3 438//3
f 528//6 482//6 447//6
f 546//3 547//3 545//3
f 550//3 551//3 549//3
f 554//3 555//3 553//3
f 558//3 559//3 557//3
f 552//3 553//3 547//3
f 556//3 557//3 551//3
f 547//3 550//3 548//3
f 555//3 558//3 556//3
f 553//3 556//3 550//3
f 562//3 563//3 561//3
f 566//3 567//3 565//3
f 571//6 569//6 568//6
f 574//3 575//3 573//3
f 578//3 579//3 577//3
f 583//6 581//6 580//6
f 572//3 573//3 563//3
f 576//3 577//3 567//3
f 581//6 571//6 570//6
f 570//6 568//6 565//6
f 582//6 580//6 577//6
f 563//3 566//3 564//3
f 575//3 578//3 576//3
f 573//3 576//3 566//3
f 580//6 570//6 567//6
f 587//4 586//4 584//4
f 591//4 590//4 588//4
f 595//5 593//5 592//5
f 599//5 597//5 596//5
f 603//4 602//4 600//4
f 607//4 606//4 604//4
f 601//4 600//4 586//4
f 605//4 604//4 590//4
f 593//5 585//5 584//5
f 597//5 589//5 588//5
f 590//4 587//4 585//4
f 598//5 596//5 593//5
f 606//4 603//4 601//4
f 596//5 588//5 585//5
f 604//4 601//4 587//4
f 611//4 610//4 608//4
f 617//4 616//4 613//4
f 617//6 614//6 612//6
f 621//5 619//5 618//5
f 625//5 623//5 622//5
f 629//4 628//4 626//4
f 635//4 634//4 631//4
f 635//6 632//6 630//6
f 627//4 626//4 610//4
f 632//4 631//4 616//4
f 632//6 617//6 615//6
f 619//5 609//5 608//5
f 623//5 614//5 613//5
f 616//4 611//4 609//4
f 624//5 622//5 619//5
f 634//4 629//4 627//4
f 622//5 613//5 609//5
f 631//4 627//4 611//4
f 637//2 639//2 638//2
f 640//3 641//3 637//3
f 645//2 647//2 646//2
f 648//3 649//3 645//3
f 651//6 647//6 645//6
f 655//5 653//5 652//5
f 659//5 657//5 656//5
f 664//3 665//3 661//3
f 672//3 673//3 669//3
f 675//6 671//6 669//6
f 679//4 678//4 676//4
f 683//4 682//4 680//4
f 660//3 661//3 641//3
f 663//4 662//4 642//4
f 668//3 669//3 649//3
f 671//4 670//4 650//4
f 671//6 651//6 649//6
f 653//5 643//5 642//5
f 663//2 677//2 676//2
f 679//5 667//5 666//5
f 657//5 651//5 650//5
f 671//2 681//2 680//2
f 683//5 675//5 674//5
f 644//2 646//2 639//2
f 641//3 648//3 644//3
f 658//5 656//5 653//5
f 665//3 672//3 668//3
f 682//4 679//4 677//4
f 656//5 650//5 643//5
f 670//2 680//2 677//2
f 682//5 674//5 667//5
f 661//3 668//3 648//3
f 670//4 663//4 643//4
f 685//2 687//2 686//2
f 688//3 689//3 685//3
f 686//1 690//1 688//1
f 693//2 695//2 694//2
f 696//3 697//3 693//3
f 699//6 695//6 693//6
f 703//5 701//5 700//5
f 709//5 707//5 706//5
f 709//6 705//6 704//6
f 714//3 715//3 711//3
f 712//1 716//1 714//1
f 722//3 723//3 719//3
f 725//6 721//6 719//6
f 729//4 728//4 726//4
f 733//4 732//4 730//4
f 710//3 711//3 689//3
f 713//4 712//4 690//4
f 690//1 712//1 710//1
f 718//3 719//3 697//3
f 721//4 720//4 698//4
f 721//6 699//6 697//6
f 701//5 691//5 690//5
f 713//2 727//2 726//2
f 729//5 717//5 716//5
f 707//5 699//5 698//5
f 707//6 704//6 695//6
f 721//2 731//2 730//2
f 733//5 725//5 724//5
f 692//2 694//2 687//2
f 689//3 696//3 692//3
f 708//5 706//5 701//5
f 715//3 722//3 718//3
f 732//4 729//4 727//4
f 706//5 698//5 691//5
f 720//2 730//2 727//2
f 732//5 724//5 717//5
f 711//3 718//3 696//3
f 720//4 713//4 691//4
f 739//5 737//5 736//5
f 739//4 738//4 734//4
f 745//5 743//5 742//5
f 745//4 744//4 740//4
f 744//5 742//5 737//5
f 744//4 739//4 735//4
f 751//5 749//5 748//5
f 751//4 750//4 746//4
f 758//5 756//5 755//5
f 758//4 757//4 753//4
f 758//6 754//6 752//6
f 757//5 755//5 749//5
f 757//4 751//4 747//4
f 638//3 639//3 555//3
f 646//3 647//3 559//3
f 639//3 646//3 558//3
f 686//3 687//3 575//3
f 694//3 695//3 579//3
f 705//6 583//6 582//6
f 687//3 694//3 578//3
f 704//6 582//6 579//6
f 735//4 734//4 602//4
f 741//4 740//4 606//4
f 740//4 735//4 603//4
f 747//4 746//4 628//4
f 754//4 753//4 634//4
f 754//6 635//6 633//6
f 753//4 747//4 629//4
f 737//5 655//5 654//5
f 743//5 659//5 658//5
f 742//5 658//5 655//5
f 615//6 612//6 569//6
f 633//6 630//6 581//6
f 630//6 615//6 571//6
f 749//5 703//5 702//5
f 756//5 709//5 708//5
f 756//6 752//6 705//6
f 755//5 708//5 703//5
f 551//3 562//3 560//3
f 559//3 574//3 572//3
f 557//3 572//3 562//3
f 610//4 591//4 589//4
f 620//5 618//5 597//5
f 628//4 607//4 605//4
f 618//5 608//5 589//5
f 626//4 605//4 591//4
f 651//3 690//3 686//3
f 702//5 700//5 657//5
f 675//3 716//3 712//3
f 728//4 683//4 681//4
f 700//5 690//5 651//5
f 712//2 726//2 681//2
f 728//5 716//5 675//5
f 750//5 748//5 743//5
f 750//4 745//4 741//4
f 748//5 702//5 659//5
f 647//3 686//3 574//3
f 746//4 741//4 607//4
f 752//6 633//6 583//6
f 761//3 762//3 760//3
f 766//4 765//4 763//4
f 760//2 764//2 763//2
f 766//5 762//5 761//5
f 766//6 764//6 760//6
f 544//3 545//3 499//3
f 548//3 549//3 503//3
f 545//3 548//3 502//3
f 560//3 561//3 519//3
f 564//3 565//3 523//3
f 569//6 527//6 526//6
f 561//3 564//3 522//3
f 568//6 526//6 523//6
f 614//6 539//6 538//6
f 625//6 543//6 542//6
f 623//6 542//6 539//6
f 549//3 560//3 518//3
f 612//6 538//6 527//6
f 725//3 761//3 759//3
f 765//4 733//4 731//4
f 759//2 763//2 731//2
f 765//5 761//5 725//5
f 770//1 772//1 771//1
f 768//1 770//1 769//1
f 775//1 777//1 776//1
f 779//1 781//1 780//1
f 783//1 785//1 784//1
f 787//1 789//1 788//1
f 777//1 783//1 782//1
f 781//1 787//1 786//1
f 778//1 780//1 777//1
f 786//1 788//1 785//1
f 780//1 786//1 783//1
f 772//1 775//1 774//1
f 773//1 778//1 775//1
f 790//1 791//1 789//1
f 793//2 795//2 794//2
f 797//2 799//2 798//2
f 803//4 802//4 800//4
f 807//4 806//4 804//4
f 801//4 800//4 794//4
f 805//4 804//4 798//4
f 803//2 809//2 808//2
f 807//2 811//2 810//2
f 796//2 798//2 795//2
f 806//4 803//4 801//4
f 806//2 810//2 809//2
f 804//4 801//4 795//4
f 813//2 815//2 814//2
f 817//2 819//2 818//2
f 823//4 822//4 820//4
f 827//4 826//4 824//4
f 821//4 820//4 814//4
f 825//4 824//4 818//4
f 823//2 829//2 828//2
f 827//2 831//2 830//2
f 816//2 818//2 815//2
f 826//4 823//4 821//4
f 826//2 830//2 829//2
f 824//4 821//4 815//4
f 833//2 835//2 834//2
f 837//4 836//4 834//4
f 839//2 841//2 840//2
f 843//4 842//4 840//4
f 849//5 847//5 846//5
f 855//5 853//5 852//5
f 845//4 844//4 836//4
f 851//4 850//4 842//4
f 838//2 840//2 835//2
f 842//4 837//4 835//4
f 854//5 852//5 847//5
f 850//4 845//4 837//4
f 857//2 859//2 858//2
f 861//4 860//4 858//4
f 863//2 865//2 864//2
f 867//4 866//4 864//4
f 869//4 868//4 860//4
f 874//4 873//4 866//4
f 862//2 864//2 859//2
f 866//4 861//4 859//4
f 873//4 869//4 861//4
f 880//4 879//4 877//4
f 884//4 883//4 881//4
f 883//4 880//4 878//4
f 888//4 887//4 885//4
f 892//4 891//4 889//4
f 891//4 888//4 886//4
f 833//4 832//4 808//4
f 839//4 838//4 810//4
f 838//4 833//4 809//4
f 857//4 856//4 828//4
f 863//4 862//4 830//4
f 862//4 857//4 829//4
f 845//2 878//2 877//2
f 880//5 849//5 848//5
f 851//2 882//2 881//2
f 884//5 855//5 854//5
f 850//2 881//2 878//2
f 883//5 854//5 849//5
f 869//2 886//2 885//2
f 888//5 872//5 871//5
f 874//2 890//2 889//2
f 892//5 876//5 875//5
f 873//2 889//2 886//2
f 891//5 875//5 872//5
f 812//2 814//2 799//2
f 822//4 807//4 805//4
f 822//2 828//2 811//2
f 820//4 805//4 799//4
f 856//2 858//2 841//2
f 860//4 843//4 841//4
f 871//5 870//5 853//5
f 868//4 851//4 843//4
f 887//4 884//4 882//4
f 868//2 885//2 882//2
f 887//5 871//5 855//5
f 856//4 839//4 811//4
f 894//1 896//1 895//1
f 898//1 900//1 899//1
f 902//1 904//1 903//1
f 906//1 908//1 907//1
f 896//1 902//1 901//1
f 900//1 906//1 905//1
f 897//1 899//1 896//1
f 905//1 907//1 904//1
f 899//1 905//1 902//1
f 910//1 912//1 911//1
f 914//1 916//1 915//1
f 918//1 920//1 919//1
f 922//1 924//1 923//1
f 912//1 918//1 917//1
f 916//1 922//1 921//1
f 913//1 915//1 912//1
f 921//1 923//1 920//1
f 915//1 921//1 918//1
f 909//1 911//1 900//1
f 917//1 919//1 908//1
f 911//1 917//1 906//1
f 926//2 928//2 927//2
f 930//2 932//2 931//2
f 936//5 934//5 933//5
f 940//5 938//5 937//5
f 944//5 942//5 941//5
f 948//5 946//5 945//5
f 942//5 936//5 935//5
f 946//5 940//5 939//5
f 929//2 931//2 928//2
f 939//5 937//5 934//5
f 947//5 945//5 942//5
f 945//5 939//5 936//5
f 952//5 950//5 949//5
f 954//2 956//2 955//2
f 955//3 956//3 952//3
f 955//6 951//6 949//6
f 960//5 958//5 957//5
f 962//2 964//2 963//2
f 963//3 964//3 960//3
f 971//5 969//5 968//5
f 971//4 970//4 966//4
f 977//5 975//5 974//5
f 977//4 976//4 972//4
f 980//3 981//3 979//3
f 986//3 987//3 985//3
f 994//4 993//4 990//4
f 995//6 992//6 990//6
f 999//4 998//4 996//4
f 978//3 979//3 954//3
f 984//3 985//3 962//3
f 991//4 990//4 968//4
f 992//6 970//6 968//6
f 997//4 996//4 974//4
f 994//5 983//5 982//5
f 999//5 989//5 988//5
f 959//5 957//5 950//5
f 961//2 963//2 956//2
f 956//3 963//3 959//3
f 976//5 974//5 969//5
f 976//4 971//4 967//4
f 981//3 986//3 984//3
f 998//4 994//4 991//4
f 998//5 988//5 983//5
f 979//3 984//3 961//3
f 996//4 991//4 969//4
f 1001//2 1003//2 1002//2
f 1005//2 1007//2 1006//2
f 1009//2 1011//2 1010//2
f 1013//4 1012//4 1010//4
f 1015//2 1017//2 1016//2
f 1019//4 1018//4 1016//4
f 1023//5 1021//5 1020//5
f 1027//5 1025//5 1024//5
f 1033//5 1031//5 1030//5
f 1033//4 1032//4 1028//4
f 1039//5 1037//5 1036//5
f 1039//4 1038//4 1034//4
f 1029//4 1028//4 1012//4
f 1035//4 1034//4 1018//4
f 1003//2 1009//2 1008//2
f 1031//5 1023//5 1022//5
f 1007//2 1015//2 1014//2
f 1037//5 1027//5 1026//5
f 1004//2 1006//2 1003//2
f 1014//2 1016//2 1011//2
f 1018//4 1013//4 1011//4
f 1026//5 1024//5 1021//5
f 1038//5 1036//5 1031//5
f 1038//4 1033//4 1029//4
f 1006//2 1014//2 1009//2
f 1036//5 1026//5 1023//5
f 1034//4 1029//4 1013//4
f 1043//6 1041//6 1040//6
f 1047//6 1045//6 1044//6
f 1051//6 1049//6 1048//6
f 1055//6 1053//6 1052//6
f 1049//6 1043//6 1042//6
f 1053//6 1047//6 1046//6
f 1046//6 1044//6 1041//6
f 1054//6 1052//6 1049//6
f 1052//6 1046//6 1043//6
f 1059//5 1057//5 1056//5
f 1063//5 1061//5 1060//5
f 1062//5 1060//5 1057//5
f 1056//3 1057//3 981//3
f 1059//4 1058//4 982//4
f 982//1 1058//1 1056//1
f 1060//3 1061//3 987//3
f 1063//4 1062//4 988//4
f 1057//3 1060//3 986//3
f 1062//4 1059//4 983//4
f 928//2 1001//2 1000//2
f 1021//5 944//5 943//5
f 932//2 1005//2 1004//2
f 1025//5 948//5 947//5
f 931//2 1004//2 1001//2
f 1024//5 947//5 944//5
f 1042//6 1040//6 966//6
f 1050//6 1048//6 992//6
f 1048//6 1042//6 970//6
f 965//2 966//2 932//2
f 982//5 980//5 938//5
f 995//5 993//5 946//5
f 993//5 982//5 940//5
f 1040//2 1041//2 1007//2
f 1044//2 1045//2 1017//2
f 1047//4 1019//4 1017//4
f 1051//5 1050//5 1025//5
f 1055//5 1054//5 1037//5
f 1055//4 1039//4 1035//4
f 1041//2 1044//2 1015//2
f 1054//5 1051//5 1027//5
f 1053//4 1035//4 1019//4
f 966//2 1040//2 1005//2
f 1050//5 995//5 948//5
f 785//1 894//1 893//1
f 788//1 897//1 894//1
f 926//4 925//4 846//4
f 930//4 929//4 852//4
f 929//4 926//4 847//4
f 967//4 966//4 871//4
f 871//1 966//1 965//1
f 973//4 972//4 875//4
f 972//4 967//4 872//4
f 965//4 930//4 853//4
f 792//2 794//2 768//2
f 802//4 772//4 770//4
f 802//2 808//2 773//2
f 800//4 770//4 768//4
f 832//2 834//2 779//2
f 836//4 781//4 779//4
f 848//5 846//5 788//5
f 844//4 787//4 781//4
f 879//4 791//4 790//4
f 844//2 877//2 790//2
f 879//5 848//5 789//5
f 832//4 778//4 773//4
f 925//2 927//2 898//2
f 935//5 933//5 903//5
f 943//5 941//5 907//5
f 941//5 935//5 904//5
f 1000//2 1002//2 910//2
f 1008//2 1010//2 914//2
f 1012//4 916//4 914//4
f 1022//5 1020//5 919//5
f 1032//5 1030//5 923//5
f 1032//4 924//4 922//4
f 1002//2 1008//2 913//2
f 1030//5 1022//5 920//5
f 1028//4 922//4 916//4
f 927//2 1000//2 909//2
f 1020//5 943//5 908//5
f 925//4 897//4 788//4
f 1065//2 1067//2 1066//2
f 1069//2 1071//2 1070//2
f 1075//4 1074//4 1072//4
f 1079//4 1078//4 1076//4
f 1073//4 1072//4 1066//4
f 1077//4 1076//4 1070//4
f 1075//2 1081//2 1080//2
f 1079//2 1083//2 1082//2
f 1068//2 1070//2 1067//2
f 1078//4 1075//4 1073//4
f 1078//2 1082//2 1081//2
f 1076//4 1073//4 1067//4
f 1085//2 1087//2 1086//2
f 1089//2 1091//2 1090//2
f 1095//4 1094//4 1092//4
f 1101//4 1100//4 1097//4
f 1101//6 1098//6 1096//6
f 1093//4 1092//4 1086//4
f 1098//4 1097//4 1090//4
f 1098//6 1091//6 1089//6
f 1095//2 1103//2 1102//2
f 1101//2 1105//2 1104//2
f 1088//2 1090//2 1087//2
f 1100//4 1095//4 1093//4
f 1100//2 1104//2 1103//2
f 1097//4 1093//4 1087//4
f 1107//2 1109//2 1108//2
f 1111//4 1110//4 1108//4
f 1113//2 1115//2 1114//2
f 1117//4 1116//4 1114//4
f 1119//4 1118//4 1110//4
f 1123//4 1122//4 1116//4
f 1112//2 1114//2 1109//2
f 1116//4 1111//4 1109//4
f 1122//4 1119//4 1111//4
f 1129//6 1127//6 1126//6
f 1131//2 1133//2 1132//2
f 1135//4 1134//4 1132//4
f 1137//2 1139//2 1138//2
f 1142//4 1141//4 1138//4
f 1142//6 1139//6 1137//6
f 1146//6 1144//6 1143//6
f 1156//6 1153//6 1151//6
f 1144//6 1129//6 1128//6
f 1148//4 1147//4 1134//4
f 1153//4 1152//4 1141//4
f 1153//6 1142//6 1140//6
f 1140//6 1137//6 1127//6
f 1154//6 1151//6 1144//6
f 1136//2 1138//2 1133//2
f 1141//4 1135//4 1133//4
f 1152//4 1148//4 1135//4
f 1151//6 1140//6 1129//6
f 1160//4 1159//4 1157//4
f 1164//4 1163//4 1161//4
f 1163//4 1160//4 1158//4
f 1168//4 1167//4 1165//4
f 1172//4 1171//4 1169//4
f 1171//4 1168//4 1166//4
f 1107//4 1106//4 1080//4
f 1113//4 1112//4 1082//4
f 1112//4 1107//4 1081//4
f 1127//6 1101//6 1099//6
f 1131//4 1130//4 1102//4
f 1137//4 1136//4 1104//4
f 1136//4 1131//4 1103//4
f 1137//6 1105//6 1101//6
f 1119//2 1158//2 1157//2
f 1160//5 1121//5 1120//5
f 1123//2 1162//2 1161//2
f 1164//5 1125//5 1124//5
f 1122//2 1161//2 1158//2
f 1163//5 1124//5 1121//5
f 1148//2 1166//2 1165//2
f 1168//5 1150//5 1149//5
f 1153//2 1170//2 1169//2
f 1172//5 1156//5 1155//5
f 1172//6 1170//6 1153//6
f 1152//2 1169//2 1166//2
f 1171//5 1155//5 1150//5
f 1084//2 1086//2 1071//2
f 1094//4 1079//4 1077//4
f 1094//2 1102//2 1083//2
f 1092//4 1077//4 1071//4
f 1130//2 1132//2 1115//2
f 1134//4 1117//4 1115//4
f 1147//4 1123//4 1117//4
f 1167//4 1164//4 1162//4
f 1147//2 1165//2 1162//2
f 1167//5 1149//5 1125//5
f 1130//4 1113//4 1083//4
f 1176//5 1174//5 1173//5
f 1178//2 1180//2 1179//2
f 1179//3 1180//3 1176//3
f 1184//5 1182//5 1181//5
f 1186//2 1188//2 1187//2
f 1187//3 1188//3 1184//3
f 1194//5 1192//5 1191//5
f 1194//4 1193//4 1189//4
f 1200//5 1198//5 1197//5
f 1200//4 1199//4 1195//4
f 1203//3 1204//3 1202//3
f 1209//3 1210//3 1208//3
f 1216//4 1215//4 1213//4
f 1220//4 1219//4 1217//4
f 1201//3 1202//3 1178//3
f 1207//3 1208//3 1186//3
f 1214//4 1213//4 1191//4
f 1218//4 1217//4 1197//4
f 1216//5 1206//5 1205//5
f 1220//5 1212//5 1211//5
f 1183//5 1181//5 1174//5
f 1185//2 1187//2 1180//2
f 1180//3 1187//3 1183//3
f 1199//5 1197//5 1192//5
f 1199//4 1194//4 1190//4
f 1204//3 1209//3 1207//3
f 1219//4 1216//4 1214//4
f 1219//5 1211//5 1206//5
f 1202//3 1207//3 1185//3
f 1217//4 1214//4 1192//4
f 1224//5 1222//5 1221//5
f 1226//2 1228//2 1227//2
f 1227//3 1228//3 1224//3
f 1232//5 1230//5 1229//5
f 1234//2 1236//2 1235//2
f 1235//3 1236//3 1232//3
f 1242//5 1240//5 1239//5
f 1242//4 1241//4 1237//4
f 1249//5 1247//5 1246//5
f 1249//4 1248//4 1244//4
f 1249//6 1245//6 1243//6
f 1252//3 1253//3 1251//3
f 1259//3 1260//3 1257//3
f 1262//6 1258//6 1257//6
f 1266//4 1265//4 1263//4
f 1270//4 1269//4 1267//4
f 1250//3 1251//3 1226//3
f 1256//3 1257//3 1234//3
f 1258//6 1236//6 1234//6
f 1264//4 1263//4 1239//4
f 1268//4 1267//4 1246//4
f 1266//5 1255//5 1254//5
f 1247//6 1243//6 1232//6
f 1270//5 1262//5 1261//5
f 1270//6 1268//6 1258//6
f 1231//5 1229//5 1222//5
f 1233//2 1235//2 1228//2
f 1228//3 1235//3 1231//3
f 1248//5 1246//5 1240//5
f 1248//4 1242//4 1238//4
f 1253//3 1259//3 1256//3
f 1269//4 1266//4 1264//4
f 1269//5 1261//5 1255//5
f 1251//3 1256//3 1233//3
f 1267//4 1264//4 1240//4
f 1268//6 1247//6 1236//6
f 1274//5 1272//5 1271//5
f 1278//5 1276//5 1275//5
f 1277//5 1275//5 1272//5
f 1282//5 1280//5 1279//5
f 1286//5 1284//5 1283//5
f 1285//5 1283//5 1280//5
f 1271//3 1272//3 1204//3
f 1274//4 1273//4 1205//4
f 1275//3 1276//3 1210//3
f 1278//4 1277//4 1211//4
f 1272//3 1275//3 1209//3
f 1277//4 1274//4 1206//4
f 1279//3 1280//3 1253//3
f 1282//4 1281//4 1254//4
f 1283//3 1284//3 1260//3
f 1286//4 1285//4 1261//4
f 1286//6 1262//6 1260//6
f 1280//3 1283//3 1259//3
f 1285//4 1282//4 1255//4
f 1223//5 1221//5 1182//5
f 1225//2 1227//2 1188//2
f 1188//3 1227//3 1223//3
f 1241//5 1239//5 1198//5
f 1241//4 1200//4 1196//4
f 1210//3 1252//3 1250//3
f 1265//4 1220//4 1218//4
f 1265//5 1254//5 1212//5
f 1208//3 1250//3 1225//3
f 1263//4 1218//4 1198//4
f 1281//5 1279//5 1276//5
f 1276//3 1279//3 1252//3
f 1281//4 1278//4 1212//4
f 1190//4 1189//4 1120//4
f 1196//4 1195//4 1124//4
f 1195//4 1190//4 1121//4
f 1232//6 1146//6 1145//6
f 1238//4 1237//4 1149//4
f 1245//4 1244//4 1155//4
f 1245//6 1156//6 1154//6
f 1244//4 1238//4 1150//4
f 1243//6 1154//6 1146//6
f 1237//4 1196//4 1125//4
f 1291//3 1292//3 1288//3
f 1294//4 1293//4 1289//4
f 1289//1 1293//1 1291//1
f 1299//3 1300//3 1296//3
f 1302//4 1301//4 1297//4
f 1297//1 1301//1 1299//1
f 1295//3 1296//3 1292//3
f 1298//4 1297//4 1293//4
f 1293//1 1297//1 1295//1
f 1307//3 1308//3 1304//3
f 1310//4 1309//4 1305//4
f 1305//1 1309//1 1307//1
f 1315//3 1316//3 1312//3
f 1318//4 1317//4 1313//4
f 1313//1 1317//1 1315//1
f 1311//3 1312//3 1308//3
f 1314//4 1313//4 1309//4
f 1309//1 1313//1 1311//1
f 1303//3 1304//3 1300//3
f 1306//4 1305//4 1301//4
f 1301//1 1305//1 1303//1
f 1323//3 1324//3 1320//3
f 1326//4 1325//4 1321//4
f 1333//6 1329//6 1327//6
f 1330//1 1334//1 1332//1
f 1339//3 1340//3 1336//3
f 1342//4 1341//4 1337//4
f 1349//6 1345//6 1343//6
f 1346//1 1350//1 1348//1
f 1335//3 1336//3 1324//3
f 1338//4 1337//4 1325//4
f 1345//6 1333//6 1331//6
f 1334//1 1346//1 1344//1
f 1324//3 1331//3 1327//3
f 1333//4 1326//4 1322//4
f 1340//3 1347//3 1343//3
f 1349//4 1342//4 1338//4
f 1336//3 1343//3 1331//3
f 1345//4 1338//4 1326//4
f 1355//3 1356//3 1352//3
f 1358//4 1357//4 1353//4
f 1365//6 1361//6 1359//6
f 1362//1 1366//1 1364//1
f 1371//3 1372//3 1368//3
f 1374//4 1373//4 1369//4
f 1381//6 1377//6 1375//6
f 1378//1 1382//1 1380//1
f 1367//3 1368//3 1356//3
f 1370//4 1369//4 1357//4
f 1377//6 1365//6 1363//6
f 1366//1 1378//1 1376//1
f 1356//3 1363//3 1359//3
f 1365//4 1358//4 1354//4
f 1372//3 1379//3 1375//3
f 1381//4 1374//4 1370//4
f 1368//3 1375//3 1363//3
f 1377//4 1370//4 1358//4
f 1387//3 1388//3 1384//3
f 1390//4 1389//4 1385//4
f 1397//6 1393//6 1391//6
f 1394//1 1398//1 1396//1
f 1403//3 1404//3 1400//3
f 1406//4 1405//4 1401//4
f 1413//6 1409//6 1407//6
f 1410//1 1414//1 1412//1
f 1399//3 1400//3 1388//3
f 1402//4 1401//4 1389//4
f 1409//6 1397//6 1395//6
f 1398//1 1410//1 1408//1
f 1388//3 1395//3 1391//3
f 1397//4 1390//4 1386//4
f 1404//3 1411//3 1407//3
f 1413//4 1406//4 1402//4
f 1400//3 1407//3 1395//3
f 1409//4 1402//4 1390//4
f 1419//3 1420//3 1416//3
f 1422//4 1421//4 1417//4
f 1429//6 1425//6 1423//6
f 1426//1 1430//1 1428//1
f 1435//3 1436//3 1432//3
f 1438//4 1437//4 1433//4
f 1445//6 1441//6 1439//6
f 1442//1 1446//1 1444//1
f 1431//3 1432//3 1420//3
f 1434//4 1433//4 1421//4
f 1441//6 1429//6 1427//6
f 1430//1 1442//1 1440//1
f 1420//3 1427//3 1423//3
f 1429//4 1422//4 1418//4
f 1436//3 1443//3 1439//3
f 1445//4 1438//4 1434//4
f 1432//3 1439//3 1427//3
f 1441//4 1434//4 1422//4
f 1383//3 1384//3 1340//3
f 1386//4 1385//4 1341//4
f 1393//6 1349//6 1347//6
f 1350//1 1394//1 1392//1
f 1384//3 1391//3 1347//3
f 1393//4 1386//4 1342//4
f 1415//3 1416//3 1372//3
f 1418//4 1417//4 1373//4
f 1425//6 1381//6 1379//6
f 1382//1 1426//1 1424//1
f 1416//3 1423//3 1379//3
f 1425//4 1418//4 1374//4
f 1332//3 1355//3 1351//3
f 1357//4 1334//4 1330//4
f 1348//3 1371//3 1367//3
f 1373//4 1350//4 1346//4
f 1344//3 1367//3 1355//3
f 1369//4 1346//4 1334//4
f 1396//3 1419//3 1415//3
f 1421//4 1398//4 1394//4
f 1412//3 1435//3 1431//3
f 1437//4 1414//4 1410//4
f 1408//3 1431//3 1419//3
f 1433//4 1410//4 1398//4
f 1392//3 1415//3 1371//3
f 1417//4 1394//4 1350//4
f 1451//3 1452//3 1448//3
f 1454//4 1453//4 1449//4
f 1449//1 1453//1 1451//1
f 1459//3 1460//3 1456//3
f 1462//4 1461//4 1457//4
f 1457//1 1461//1 1459//1
f 1455//3 1456//3 1452//3
f 1458//4 1457//4 1453//4
f 1453//1 1457//1 1455//1
f 1462//2 1464//2 1463//2
f 1469//3 1470//3 1466//3
f 1472//4 1471//4 1467//4
f 1467//1 1471//1 1469//1
f 1478//5 1476//5 1475//5
f 1475//3 1476//3 1470//3
f 1478//4 1477//4 1471//4
f 1471//1 1477//1 1475//1
f 1474//5 1468//5 1467//5
f 1465//3 1466//3 1460//3
f 1461//1 1467//1 1465//1
f 1474//4 1473//4 1463//4
f 1463//1 1473//1 1467//1
f 1483//3 1484//3 1480//3
f 1486//4 1485//4 1481//4
f 1493//6 1489//6 1487//6
f 1490//1 1494//1 1492//1
f 1499//3 1500//3 1496//3
f 1502//4 1501//4 1497//4
f 1509//6 1505//6 1503//6
f 1506//1 1510//1 1508//1
f 1495//3 1496//3 1484//3
f 1498//4 1497//4 1485//4
f 1505//6 1493//6 1491//6
f 1494//1 1506//1 1504//1
f 1502//2 1512//2 1511//2
f 1510//2 1514//2 1513//2
f 1484//3 1491//3 1487//3
f 1493//4 1486//4 1482//4
f 1500//3 1507//3 1503//3
f 1509//4 1502//4 1498//4
f 1509//2 1513//2 1512//2
f 1496//3 1503//3 1491//3
f 1505//4 1498//4 1486//4
f 1519//3 1520//3 1516//3
f 1522//4 1521//4 1517//4
f 1529//6 1525//6 1523//6
f 1526//1 1530//1 1528//1
f 1535//3 1536//3 1532//3
f 1538//4 1537//4 1533//4
f 1545//6 1541//6 1539//6
f 1542//1 1546//1 1544//1
f 1531//3 1532//3 1520//3
f 1534//4 1533//4 1521//4
f 1541//6 1529//6 1527//6
f 1530//1 1542//1 1540//1
f 1538//2 1548//2 1547//2
f 1546//2 1550//2 1549//2
f 1520//3 1527//3 1523//3
f 1529//4 1522//4 1518//4
f 1536//3 1543//3 1539//3
f 1545//4 1538//4 1534//4
f 1545//2 1549//2 1548//2
f 1532//3 1539//3 1527//3
f 1541//4 1534//4 1522//4
f 1555//3 1556//3 1552//3
f 1558//4 1557//4 1553//4
f 1565//6 1561//6 1559//6
f 1562//1 1566//1 1564//1
f 1574//5 1572//5 1571//5
f 1571//3 1572//3 1556//3
f 1574//4 1573//4 1557//4
f 1577//6 1565//6 1563//6
f 1566//1 1578//1 1576//1
f 1568//5 1554//5 1553//5
f 1570//5 1562//5 1561//5
f 1556//3 1563//3 1559//3
f 1565//4 1558//4 1554//4
f 1577//5 1575//5 1572//5
f 1569//5 1561//5 1554//5
f 1572//3 1575//3 1563//3
f 1577//4 1574//4 1558//4
f 1583//3 1584//3 1580//3
f 1586//4 1585//4 1581//4
f 1593//6 1589//6 1587//6
f 1590//1 1594//1 1592//1
f 1602//5 1600//5 1599//5
f 1599//3 1600//3 1584//3
f 1602//4 1601//4 1585//4
f 1605//6 1593//6 1591//6
f 1594//1 1606//1 1604//1
f 1596//5 1582//5 1581//5
f 1598//5 1590//5 1589//5
f 1584//3 1591//3 1587//3
f 1593//4 1586//4 1582//4
f 1605//5 1603//5 1600//5
f 1597//5 1589//5 1582//5
f 1600//3 1603//3 1591//3
f 1605//4 1602//4 1586//4
f 1551//3 1552//3 1500//3
f 1561//3 1562//3 1510//3
f 1561//6 1509//6 1507//6
f 1510//1 1562//1 1560//1
f 1568//4 1567//4 1511//4
f 1570//4 1569//4 1513//4
f 1552//3 1559//3 1507//3
f 1569//4 1568//4 1512//4
f 1579//3 1580//3 1536//3
f 1589//3 1590//3 1546//3
f 1589//6 1545//6 1543//6
f 1546//1 1590//1 1588//1
f 1596//4 1595//4 1547//4
f 1598//4 1597//4 1549//4
f 1580//3 1587//3 1543//3
f 1597//4 1596//4 1548//4
f 1492//3 1519//3 1515//3
f 1521//4 1494//4 1490//4
f 1508//3 1535//3 1531//3
f 1537//4 1510//4 1506//4
f 1537//2 1547//2 1514//2
f 1504//3 1531//3 1519//3
f 1533//4 1506//4 1494//4
f 1564//3 1583//3 1579//3
f 1585//4 1566//4 1562//4
f 1601//5 1599//5 1576//5
f 1595//5 1581//5 1562//5
f 1576//3 1599//3 1583//3
f 1601//4 1578//4 1566//4
f 1560//3 1579//3 1535//3
f 1595//4 1570//4 1514//4
f 1447//3 1448//3 1316//3
f 1450//4 1449//4 1317//4
f 1317//1 1449//1 1447//1
f 1479//3 1480//3 1404//3
f 1482//4 1481//4 1405//4
f 1489//6 1413//6 1411//6
f 1414//1 1490//1 1488//1
f 1480//3 1487//3 1411//3
f 1489//4 1482//4 1406//4
f 1515//3 1516//3 1436//3
f 1518//4 1517//4 1437//4
f 1525//6 1445//6 1443//6
f 1446//1 1526//1 1524//1
f 1516//3 1523//3 1443//3
f 1525//4 1518//4 1438//4
f 1488//3 1515//3 1435//3
f 1517//4 1490//4 1414//4
f 1292//3 1323//3 1319//3
f 1325//4 1294//4 1290//4
f 1300//3 1339//3 1335//3
f 1341//4 1302//4 1298//4
f 1296//3 1335//3 1323//3
f 1337//4 1298//4 1294//4
f 1308//3 1387//3 1383//3
f 1389//4 1310//4 1306//4
f 1316//3 1403//3 1399//3
f 1405//4 1318//4 1314//4
f 1312//3 1399//3 1387//3
f 1401//4 1314//4 1310//4
f 1304//3 1383//3 1339//3
f 1385//4 1306//4 1302//4
f 1452//3 1483//3 1479//3
f 1485//4 1454//4 1450//4
f 1460//3 1499//3 1495//3
f 1501//4 1462//4 1458//4
f 1501//2 1511//2 1464//2
f 1456//3 1495//3 1483//3
f 1497//4 1458//4 1454//4
f 1470//3 1555//3 1551//3
f 1557//4 1472//4 1468//4
f 1573//5 1571//5 1476//5
f 1567//5 1553//5 1468//5
f 1476//3 1571//3 1555//3
f 1573//4 1478//4 1472//4
f 1466//3 1551//3 1499//3
f 1567//4 1474//4 1464//4
f 1448//3 1479//3 1403//3
f 1481//4 1450//4 1318//4
f 1611//3 1612//3 1608//3
f 1614//4 1613//4 1609//4
f 1619//3 1620//3 1616//3
f 1622//4 1621//4 1617//4
f 1622//6 1618//6 1616//6
f 1627//3 1628//3 1624//3
f 1630//4 1629//4 1625//4
f 1635//3 1636//3 1632//3
f 1638//4 1637//4 1633//4
f 1638//6 1634//6 1632//6
f 1623//3 1624//3 1612//3
f 1626//4 1625//4 1613//4
f 1631//3 1632//3 1620//3
f 1634//4 1633//4 1621//4
f 1634//6 1622//6 1620//6
f 1612//3 1619//3 1615//3
f 1621//4 1614//4 1610//4
f 1628//3 1635//3 1631//3
f 1637//4 1630//4 1626//4
f 1624//3 1631//3 1619//3
f 1633//4 1626//4 1614//4
f 1643//3 1644//3 1640//3
f 1646//4 1645//4 1641//4
f 1641//1 1645//1 1643//1
f 1651//3 1652//3 1648//3
f 1654//4 1653//4 1649//4
f 1654//6 1650//6 1648//6
f 1659//3 1660//3 1656//3
f 1662//4 1661//4 1657//4
f 1657//1 1661//1 1659//1
f 1667//3 1668//3 1664//3
f 1670//4 1669//4 1665//4
f 1670//6 1666//6 1664//6
f 1655//3 1656//3 1644//3
f 1658//4 1657//4 1645//4
f 1645//1 1657//1 1655//1
f 1663//3 1664//3 1652//3
f 1666//4 1665//4 1653//4
f 1666//6 1654//6 1652//6
f 1644//3 1651//3 1647//3
f 1653//4 1646//4 1642//4
f 1660//3 1667//3 1663//3
f 1669//4 1662//4 1658//4
f 1656//3 1663//3 1651//3
f 1665//4 1658//4 1646//4
f 1675//3 1676//3 1672//3
f 1678//4 1677//4 1673//4
f 1683//3 1684//3 1680//3
f 1686//4 1685//4 1681//4
f 1686//6 1682//6 1680//6
f 1691//3 1692//3 1688//3
f 1694//4 1693//4 1689//4
f 1699//3 1700//3 1696//3
f 1702//4 1701//4 1697//4
f 1702//6 1698//6 1696//6
f 1687//3 1688//3 1676//3
f 1690//4 1689//4 1677//4
f 1695//3 1696//3 1684//3
f 1698//4 1697//4 1685//4
f 1698//6 1686//6 1684//6
f 1676//3 1683//3 1679//3
f 1685//4 1678//4 1674//4
f 1692//3 1699//3 1695//3
f 1701//4 1694//4 1690//4
f 1688//3 1695//3 1683//3
f 1697//4 1690//4 1678//4
f 1707//3 1708//3 1704//3
f 1710//4 1709//4 1705//4
f 1705//1 1709//1 1707//1
f 1715//3 1716//3 1712//3
f 1718//4 1717//4 1713//4
f 1718//6 1714//6 1712//6
f 1723//3 1724//3 1720//3
f 1726//4 1725//4 1721//4
f 1721//1 1725//1 1723//1
f 1731//3 1732//3 1728//3
f 1734//4 1733//4 1729//4
f 1734//6 1730//6 1728//6
f 1719//3 1720//3 1708//3
f 1722//4 1721//4 1709//4
f 1709//1 1721//1 1719//1
f 1727//3 1728//3 1716//3
f 1730//4 1729//4 1717//4
f 1730//6 1718//6 1716//6
f 1708//3 1715//3 1711//3
f 1717//4 1710//4 1706//4
f 1724//3 1731//3 1727//3
f 1733//4 1726//4 1722//4
f 1720//3 1727//3 1715//3
f 1729//4 1722//4 1710//4
f 1671//3 1672//3 1628//3
f 1674//4 1673//4 1629//4
f 1679//3 1680//3 1636//3
f 1682//4 1681//4 1637//4
f 1682//6 1638//6 1636//6
f 1672//3 1679//3 1635//3
f 1681//4 1674//4 1630//4
f 1703//3 1704//3 1660//3
f 1706//4 1705//4 1661//4
f 1661//1 1705//1 1703//1
f 1711//3 1712//3 1668//3
f 1714//4 1713//4 1669//4
f 1714//6 1670//6 1668//6
f 1704//3 1711//3 1667//3
f 1713//4 1706//4 1662//4
f 1739//3 1740//3 1736//3
f 1742//4 1741//4 1737//4
f 1747//3 1748//3 1744//3
f 1750//4 1749//4 1745//4
f 1750//6 1746//6 1744//6
f 1755//3 1756//3 1752//3
f 1758//4 1757//4 1753//4
f 1763//3 1764//3 1760//3
f 1766//4 1765//4 1761//4
f 1766//6 1762//6 1760//6
f 1751//3 1752//3 1740//3
f 1754//4 1753//4 1741//4
f 1759//3 1760//3 1748//3
f 1762//4 1761//4 1749//4
f 1762//6 1750//6 1748//6
f 1758//2 1768//2 1767//2
f 1766//2 1770//2 1769//2
f 1740//3 1747//3 1743//3
f 1749//4 1742//4 1738//4
f 1756//3 1763//3 1759//3
f 1765//4 1758//4 1754//4
f 1765//2 1769//2 1768//2
f 1752//3 1759//3 1747//3
f 1761//4 1754//4 1742//4
f 1775//3 1776//3 1772//3
f 1778//4 1777//4 1773//4
f 1773//1 1777//1 1775//1
f 1783//3 1784//3 1780//3
f 1786//4 1785//4 1781//4
f 1786//6 1782//6 1780//6
f 1791//3 1792//3 1788//3
f 1794//4 1793//4 1789//4
f 1789//1 1793//1 1791//1
f 1799//3 1800//3 1796//3
f 1802//4 1801//4 1797//4
f 1802//6 1798//6 1796//6
f 1787//3 1788//3 1776//3
f 1790//4 1789//4 1777//4
f 1777//1 1789//1 1787//1
f 1795//3 1796//3 1784//3
f 1798//4 1797//4 1785//4
f 1798//6 1786//6 1784//6
f 1794//2 1804//2 1803//2
f 1802//2 1806//2 1805//2
f 1776//3 1783//3 1779//3
f 1785//4 1778//4 1774//4
f 1792//3 1799//3 1795//3
f 1801//4 1794//4 1790//4
f 1801//2 1805//2 1804//2
f 1788//3 1795//3 1783//3
f 1797//4 1790//4 1778//4
f 1811//3 1812//3 1808//3
f 1814//4 1813//4 1809//4
f 1819//3 1820//3 1816//3
f 1822//4 1821//4 1817//4
f 1822//6 1818//6 1816//6
f 1830//5 1828//5 1827//5
f 1834//5 1832//5 1831//5
f 1827//3 1828//3 1812//3
f 1830//4 1829//4 1813//4
f 1831//3 1832//3 1820//3
f 1834//4 1833//4 1821//4
f 1834//6 1822//6 1820//6
f 1824//5 1810//5 1809//5
f 1826//5 1818//5 1817//5
f 1812//3 1819//3 1815//3
f 1821//4 1814//4 1810//4
f 1833//5 1831//5 1828//5
f 1825//5 1817//5 1810//5
f 1828//3 1831//3 1819//3
f 1833//4 1830//4 1814//4
f 1839//3 1840//3 1836//3
f 1842//4 1841//4 1837//4
f 1837//1 1841//1 1839//1
f 1847//3 1848//3 1844//3
f 1850//4 1849//4 1845//4
f 1850//6 1846//6 1844//6
f 1858//5 1856//5 1855//5
f 1862//5 1860//5 1859//5
f 1855//3 1856//3 1840//3
f 1858//4 1857//4 1841//4
f 1841//1 1857//1 1855//1
f 1859//3 1860//3 1848//3
f 1862//4 1861//4 1849//4
f 1862//6 1850//6 1848//6
f 1852//5 1838//5 1837//5
f 1854//5 1846//5 1845//5
f 1840//3 1847//3 1843//3
f 1849//4 1842//4 1838//4
f 1861//5 1859//5 1856//5
f 1853//5 1845//5 1838//5
f 1856//3 1859//3 1847//3
f 1861//4 1858//4 1842//4
f 1807//3 1808//3 1756//3
f 1815//3 1816//3 1764//3
f 1818//6 1766//6 1764//6
f 1824//4 1823//4 1767//4
f 1826//4 1825//4 1769//4
f 1808//3 1815//3 1763//3
f 1825//4 1824//4 1768//4
f 1835//3 1836//3 1792//3
f 1793//1 1837//1 1835//1
f 1843//3 1844//3 1800//3
f 1846//6 1802//6 1800//6
f 1852//4 1851//4 1803//4
f 1854//4 1853//4 1805//4
f 1836//3 1843//3 1799//3
f 1853//4 1852//4 1804//4
f 1793//2 1803//2 1770//2
f 1851//5 1837//5 1818//5
f 1818//3 1837//3 1793//3
f 1851//4 1826//4 1770//4
f 1864//2 1866//2 1865//2
f 1870//5 1868//5 1867//5
f 1867//3 1868//3 1864//3
f 1870//4 1869//4 1865//4
f 1870//6 1866//6 1864//6
f 1735//3 1736//3 1692//3
f 1738//4 1737//4 1693//4
f 1743//3 1744//3 1700//3
f 1746//4 1745//4 1701//4
f 1746//6 1702//6 1700//6
f 1736//3 1743//3 1699//3
f 1745//4 1738//4 1694//4
f 1771//3 1772//3 1724//3
f 1774//4 1773//4 1725//4
f 1725//1 1773//1 1771//1
f 1779//3 1780//3 1732//3
f 1782//4 1781//4 1733//4
f 1782//6 1734//6 1732//6
f 1772//3 1779//3 1731//3
f 1781//4 1774//4 1726//4
f 1863//2 1865//2 1806//2
f 1869//5 1867//5 1846//5
f 1846//3 1867//3 1863//3
f 1869//4 1854//4 1806//4
f 1287//3 1288//3 199//3
f 1290//4 1289//4 200//4
f 200//1 1289//1 1287//1
f 1319//3 1320//3 313//3
f 1322//4 1321//4 314//4
f 1329//6 322//6 320//6
f 323//1 1330//1 1328//1
f 1320//3 1327//3 320//3
f 1329//4 1322//4 315//4
f 1351//3 1352//3 361//3
f 1354//4 1353//4 362//4
f 1361//6 370//6 368//6
f 371//1 1362//1 1360//1
f 1352//3 1359//3 368//3
f 1361//4 1354//4 363//4
f 1328//3 1351//3 360//3
f 1353//4 1330//4 323//4
f 1288//3 1319//3 312//3
f 1321//4 1290//4 201//4
f 1607//3 1608//3 665//3
f 1610//4 1609//4 666//4
f 1615//3 1616//3 673//3
f 1618//4 1617//4 674//4
f 1618//6 675//6 673//6
f 1608//3 1615//3 672//3
f 1617//4 1610//4 667//4
f 1639//3 1640//3 715//3
f 1642//4 1641//4 716//4
f 716//1 1641//1 1639//1
f 1647//3 1648//3 723//3
f 1650//4 1649//4 724//4
f 1650//6 725//6 723//6
f 1640//3 1647//3 722//3
f 1649//4 1642//4 717//4
f 769//1 771//1 21//1
f 767//1 769//1 19//1
f 774//1 776//1 41//1
f 782//1 784//1 49//1
f 776//1 782//1 47//1
f 771//1 774//1 39//1
f 893//1 895//1 173//1
f 901//1 903//1 181//1
f 895//1 901//1 179//1
f 101//2 793//2 792//2
f 105//2 797//2 796//2
f 104//2 796//2 793//2
f 117//2 813//2 812//2
f 121//2 817//2 816//2
f 120//2 816//2 813//2
f 116//2 812//2 797//2
f 934//5 249//5 248//5
f 938//5 253//5 252//5
f 937//5 252//5 249//5
f 950//5 265//5 264//5
f 953//6 949//6 264//6
f 980//6 978//6 281//6
f 958//5 271//5 270//5
f 957//5 270//5 265//5
f 978//6 953//6 267//6
f 980//5 283//5 253//5
f 100//2 792//2 767//2
f 933//5 248//5 181//5
f 784//1 893//1 171//1
f 459//2 1065//2 1064//2
f 463//2 1069//2 1068//2
f 462//2 1068//2 1065//2
f 475//2 1085//2 1084//2
f 479//2 1089//2 1088//2
f 1099//6 1096//6 485//6
f 478//2 1088//2 1085//2
f 1096//6 1089//6 479//6
f 1128//6 1126//6 533//6
f 1145//6 1143//6 541//6
f 1143//6 1128//6 535//6
f 474//2 1084//2 1069//2
f 1126//6 1099//6 487//6
f 1174//5 595//5 594//5
f 1182//5 599//5 598//5
f 1181//5 598//5 595//5
f 1222//5 621//5 620//5
f 1230//5 625//5 624//5
f 1229//5 624//5 621//5
f 1221//5 620//5 599//5
f 1230//6 1145//6 543//6
f 408//2 410//2 81//2
f 89//3 418//3 416//3
f 404//2 408//2 79//2
f 87//3 416//3 404//3
f 448//2 450//2 113//2
f 456//2 458//2 121//2
f 450//2 456//2 119//2
f 145//3 490//3 488//3
f 153//3 498//3 496//3
f 151//3 496//3 490//3
f 410//2 448//2 111//2
f 143//3 488//3 418//3
f 233//3 546//3 544//3
f 241//3 554//3 552//3
f 239//3 552//3 546//3
f 586//4 261//4 259//4
f 594//5 592//5 269//5
f 602//4 279//4 277//4
f 592//5 584//5 259//5
f 600//4 277//4 261//4
f 636//2 638//2 343//2
f 345//3 640//3 636//3
f 654//5 652//5 353//5
f 369//3 664//3 660//3
f 678//4 379//4 377//4
f 652//5 642//5 347//5
f 662//2 676//2 377//2
f 678//5 666//5 371//5
f 365//3 660//3 640//3
f 662//4 367//4 347//4
f 738//5 736//5 401//5
f 738//4 403//4 399//4
f 736//5 654//5 355//5
f 343//3 638//3 554//3
f 734//4 399//4 279//4
f 231//3 544//3 498//3
f 1064//2 1066//2 819//2
f 1074//4 827//4 825//4
f 1074//2 1080//2 831//2
f 1072//4 825//4 819//4
f 1106//2 1108//2 865//2
f 1110//4 867//4 865//4
f 1118//4 874//4 867//4
f 1159//4 892//4 890//4
f 1118//2 1157//2 890//2
f 1159//5 1120//5 876//5
f 1106//4 863//4 831//4
f 1175//5 1173//5 958//5
f 1177//2 1179//2 964//2
f 964//3 1179//3 1175//3
f 1193//5 1191//5 975//5
f 1193//4 977//4 973//4
f 987//3 1203//3 1201//3
f 1215//4 999//4 997//4
f 1215//5 1205//5 989//5
f 985//3 1201//3 1177//3
f 1213//4 997//4 975//4
f 1273//5 1271//5 1061//5
f 1061//3 1271//3 1203//3
f 1273//4 1063//4 989//4
f 1189//4 973//4 876//4
f 1364//3 1611//3 1607//3
f 1613//4 1366//4 1362//4
f 1380//3 1627//3 1623//3
f 1629//4 1382//4 1378//4
f 1376//3 1623//3 1611//3
f 1625//4 1378//4 1366//4
f 1428//3 1675//3 1671//3
f 1677//4 1430//4 1426//4
f 1444//3 1691//3 1687//3
f 1693//4 1446//4 1442//4
f 1440//3 1687//3 1675//3
f 1689//4 1442//4 1430//4
f 1424//3 1671//3 1627//3
f 1673//4 1426//4 1382//4
f 1528//3 1739//3 1735//3
f 1741//4 1530//4 1526//4
f 1544//3 1755//3 1751//3
f 1757//4 1546//4 1542//4
f 1757//2 1767//2 1550//2
f 1540//3 1751//3 1739//3
f 1753//4 1542//4 1530//4
f 1592//3 1811//3 1807//3
f 1813//4 1594//4 1590//4
f 1829//5 1827//5 1604//5
f 1823//5 1809//5 1590//5
f 1604//3 1827//3 1811//3
f 1829//4 1606//4 1594//4
f 1588//3 1807//3 1755//3
f 1823//4 1598//4 1550//4
f 1524//3 1735//3 1691//3
f 1737//4 1526//4 1446//4
f 458//2 1064//2 817//2
f 1173//5 594//5 271//5
f 1360//3 1607//3 664//3
f 1609//4 1362//4 371//4
